ID,Latitude,Longitude,Category
0,0.0,0.0,restaurant
1,0.0,0.010101,hospital
2,0.0,0.020202,school
3,0.0,0.030303,bank
4,0.0,0.040404,bank
5,0.0,0.050505,pharmacy
6,0.0,0.060606,bank
7,0.0,0.070707,restaurant
8,0.0,0.080808,pharmacy
9,0.0,0.090909,bank
10,0.0,0.10101,pharmacy
11,0.0,0.111111,hospital
12,0.0,0.121212,bank
13,0.0,0.131313,bank
14,0.0,0.141414,school
15,0.0,0.151515,school
16,0.0,0.161616,bank
17,0.0,0.171717,hospital
18,0.0,0.181818,bank
19,0.0,0.191919,pharmacy
20,0.0,0.20202,school
21,0.0,0.212121,bank
22,0.0,0.222222,pharmacy
23,0.0,0.232323,bank
24,0.0,0.242424,hospital
25,0.0,0.252525,pharmacy
26,0.0,0.262626,bank
27,0.0,0.272727,pharmacy
28,0.0,0.282828,pharmacy
29,0.0,0.292929,school
30,0.0,0.30303,bank
31,0.0,0.313131,hospital
32,0.0,0.323232,bank
33,0.0,0.333333,pharmacy
34,0.0,0.343434,hospital
35,0.0,0.353535,restaurant
36,0.0,0.363636,school
37,0.0,0.373737,hospital
38,0.0,0.383838,pharmacy
39,0.0,0.393939,bank
40,0.0,0.40404,pharmacy
41,0.0,0.414141,restaurant
42,0.0,0.424242,pharmacy
43,0.0,0.434343,hospital
44,0.0,0.444444,bank
45,0.0,0.454545,pharmacy
46,0.0,0.464646,pharmacy
47,0.0,0.474747,hospital
48,0.0,0.484848,restaurant
49,0.0,0.494949,bank
50,0.0,0.505051,pharmacy
51,0.0,0.515152,bank
52,0.0,0.525253,pharmacy
53,0.0,0.535354,bank
54,0.0,0.545455,pharmacy
55,0.0,0.555556,hospital
56,0.0,0.565657,school
57,0.0,0.575758,pharmacy
58,0.0,0.585859,school
59,0.0,0.59596,restaurant
60,0.0,0.606061,school
61,0.0,0.616162,pharmacy
62,0.0,0.626263,school
63,0.0,0.636364,restaurant
64,0.0,0.646465,restaurant
65,0.0,0.656566,hospital
66,0.0,0.666667,hospital
67,0.0,0.676768,hospital
68,0.0,0.686869,bank
69,0.0,0.69697,pharmacy
70,0.0,0.707071,restaurant
71,0.0,0.717172,pharmacy
72,0.0,0.727273,school
73,0.0,0.737374,restaurant
74,0.0,0.747475,school
75,0.0,0.757576,restaurant
76,0.0,0.767677,pharmacy
77,0.0,0.777778,bank
78,0.0,0.787879,bank
79,0.0,0.79798,pharmacy
80,0.0,0.808081,school
81,0.0,0.818182,hospital
82,0.0,0.828283,restaurant
83,0.0,0.838384,hospital
84,0.0,0.848485,school
85,0.0,0.858586,school
86,0.0,0.868687,bank
87,0.0,0.878788,bank
88,0.0,0.888889,pharmacy
89,0.0,0.89899,pharmacy
90,0.0,0.909091,restaurant
91,0.0,0.919192,restaurant
92,0.0,0.929293,restaurant
93,0.0,0.939394,pharmacy
94,0.0,0.949495,school
95,0.0,0.959596,pharmacy
96,0.0,0.969697,school
97,0.0,0.979798,bank
98,0.0,0.989899,bank
99,0.0,1.0,restaurant
100,0.010101,0.0,school
101,0.010101,0.010101,bank
102,0.010101,0.020202,bank
103,0.010101,0.030303,restaurant
104,0.010101,0.040404,pharmacy
105,0.010101,0.050505,school
106,0.010101,0.060606,restaurant
107,0.010101,0.070707,school
108,0.010101,0.080808,restaurant
109,0.010101,0.090909,bank
110,0.010101,0.10101,school
111,0.010101,0.111111,restaurant
112,0.010101,0.121212,hospital
113,0.010101,0.131313,pharmacy
114,0.010101,0.141414,bank
115,0.010101,0.151515,school
116,0.010101,0.161616,bank
117,0.010101,0.171717,hospital
118,0.010101,0.181818,restaurant
119,0.010101,0.191919,hospital
120,0.010101,0.20202,hospital
121,0.010101,0.212121,school
122,0.010101,0.222222,school
123,0.010101,0.232323,school
124,0.010101,0.242424,bank
125,0.010101,0.252525,hospital
126,0.010101,0.262626,school
127,0.010101,0.272727,school
128,0.010101,0.282828,pharmacy
129,0.010101,0.292929,restaurant
130,0.010101,0.30303,hospital
131,0.010101,0.313131,school
132,0.010101,0.323232,pharmacy
133,0.010101,0.333333,restaurant
134,0.010101,0.343434,school
135,0.010101,0.353535,restaurant
136,0.010101,0.363636,school
137,0.010101,0.373737,hospital
138,0.010101,0.383838,hospital
139,0.010101,0.393939,bank
140,0.010101,0.40404,hospital
141,0.010101,0.414141,hospital
142,0.010101,0.424242,hospital
143,0.010101,0.434343,hospital
144,0.010101,0.444444,bank
145,0.010101,0.454545,school
146,0.010101,0.464646,pharmacy
147,0.010101,0.474747,hospital
148,0.010101,0.484848,restaurant
149,0.010101,0.494949,restaurant
150,0.010101,0.505051,bank
151,0.010101,0.515152,hospital
152,0.010101,0.525253,school
153,0.010101,0.535354,pharmacy
154,0.010101,0.545455,restaurant
155,0.010101,0.555556,pharmacy
156,0.010101,0.565657,pharmacy
157,0.010101,0.575758,restaurant
158,0.010101,0.585859,hospital
159,0.010101,0.59596,pharmacy
160,0.010101,0.606061,pharmacy
161,0.010101,0.616162,bank
162,0.010101,0.626263,school
163,0.010101,0.636364,pharmacy
164,0.010101,0.646465,school
165,0.010101,0.656566,school
166,0.010101,0.666667,school
167,0.010101,0.676768,school
168,0.010101,0.686869,bank
169,0.010101,0.69697,school
170,0.010101,0.707071,school
171,0.010101,0.717172,bank
172,0.010101,0.727273,hospital
173,0.010101,0.737374,bank
174,0.010101,0.747475,hospital
175,0.010101,0.757576,school
176,0.010101,0.767677,hospital
177,0.010101,0.777778,bank
178,0.010101,0.787879,restaurant
179,0.010101,0.79798,pharmacy
180,0.010101,0.808081,bank
181,0.010101,0.818182,bank
182,0.010101,0.828283,bank
183,0.010101,0.838384,pharmacy
184,0.010101,0.848485,hospital
185,0.010101,0.858586,pharmacy
186,0.010101,0.868687,bank
187,0.010101,0.878788,restaurant
188,0.010101,0.888889,pharmacy
189,0.010101,0.89899,bank
190,0.010101,0.909091,bank
191,0.010101,0.919192,hospital
192,0.010101,0.929293,pharmacy
193,0.010101,0.939394,school
194,0.010101,0.949495,hospital
195,0.010101,0.959596,restaurant
196,0.010101,0.969697,restaurant
197,0.010101,0.979798,pharmacy
198,0.010101,0.989899,restaurant
199,0.010101,1.0,school
200,0.020202,0.0,bank
201,0.020202,0.010101,bank
202,0.020202,0.020202,school
203,0.020202,0.030303,school
204,0.020202,0.040404,school
205,0.020202,0.050505,school
206,0.020202,0.060606,restaurant
207,0.020202,0.070707,bank
208,0.020202,0.080808,hospital
209,0.020202,0.090909,bank
210,0.020202,0.10101,restaurant
211,0.020202,0.111111,restaurant
212,0.020202,0.121212,school
213,0.020202,0.131313,hospital
214,0.020202,0.141414,pharmacy
215,0.020202,0.151515,bank
216,0.020202,0.161616,hospital
217,0.020202,0.171717,pharmacy
218,0.020202,0.181818,restaurant
219,0.020202,0.191919,hospital
220,0.020202,0.20202,pharmacy
221,0.020202,0.212121,bank
222,0.020202,0.222222,pharmacy
223,0.020202,0.232323,restaurant
224,0.020202,0.242424,bank
225,0.020202,0.252525,restaurant
226,0.020202,0.262626,pharmacy
227,0.020202,0.272727,restaurant
228,0.020202,0.282828,hospital
229,0.020202,0.292929,restaurant
230,0.020202,0.30303,hospital
231,0.020202,0.313131,pharmacy
232,0.020202,0.323232,pharmacy
233,0.020202,0.333333,pharmacy
234,0.020202,0.343434,restaurant
235,0.020202,0.353535,hospital
236,0.020202,0.363636,pharmacy
237,0.020202,0.373737,hospital
238,0.020202,0.383838,hospital
239,0.020202,0.393939,school
240,0.020202,0.40404,hospital
241,0.020202,0.414141,hospital
242,0.020202,0.424242,pharmacy
243,0.020202,0.434343,school
244,0.020202,0.444444,restaurant
245,0.020202,0.454545,bank
246,0.020202,0.464646,bank
247,0.020202,0.474747,restaurant
248,0.020202,0.484848,school
249,0.020202,0.494949,restaurant
250,0.020202,0.505051,hospital
251,0.020202,0.515152,pharmacy
252,0.020202,0.525253,restaurant
253,0.020202,0.535354,school
254,0.020202,0.545455,restaurant
255,0.020202,0.555556,restaurant
256,0.020202,0.565657,bank
257,0.020202,0.575758,hospital
258,0.020202,0.585859,bank
259,0.020202,0.59596,hospital
260,0.020202,0.606061,school
261,0.020202,0.616162,hospital
262,0.020202,0.626263,restaurant
263,0.020202,0.636364,hospital
264,0.020202,0.646465,school
265,0.020202,0.656566,pharmacy
266,0.020202,0.666667,pharmacy
267,0.020202,0.676768,bank
268,0.020202,0.686869,school
269,0.020202,0.69697,restaurant
270,0.020202,0.707071,bank
271,0.020202,0.717172,bank
272,0.020202,0.727273,school
273,0.020202,0.737374,hospital
274,0.020202,0.747475,school
275,0.020202,0.757576,hospital
276,0.020202,0.767677,school
277,0.020202,0.777778,restaurant
278,0.020202,0.787879,bank
279,0.020202,0.79798,school
280,0.020202,0.808081,school
281,0.020202,0.818182,school
282,0.020202,0.828283,bank
283,0.020202,0.838384,hospital
284,0.020202,0.848485,hospital
285,0.020202,0.858586,hospital
286,0.020202,0.868687,bank
287,0.020202,0.878788,hospital
288,0.020202,0.888889,pharmacy
289,0.020202,0.89899,school
290,0.020202,0.909091,hospital
291,0.020202,0.919192,pharmacy
292,0.020202,0.929293,pharmacy
293,0.020202,0.939394,school
294,0.020202,0.949495,restaurant
295,0.020202,0.959596,hospital
296,0.020202,0.969697,pharmacy
297,0.020202,0.979798,pharmacy
298,0.020202,0.989899,hospital
299,0.020202,1.0,bank
300,0.030303,0.0,bank
301,0.030303,0.010101,bank
302,0.030303,0.020202,pharmacy
303,0.030303,0.030303,hospital
304,0.030303,0.040404,school
305,0.030303,0.050505,hospital
306,0.030303,0.060606,hospital
307,0.030303,0.070707,bank
308,0.030303,0.080808,restaurant
309,0.030303,0.090909,hospital
310,0.030303,0.10101,restaurant
311,0.030303,0.111111,pharmacy
312,0.030303,0.121212,hospital
313,0.030303,0.131313,pharmacy
314,0.030303,0.141414,restaurant
315,0.030303,0.151515,restaurant
316,0.030303,0.161616,pharmacy
317,0.030303,0.171717,school
318,0.030303,0.181818,hospital
319,0.030303,0.191919,bank
320,0.030303,0.20202,restaurant
321,0.030303,0.212121,school
322,0.030303,0.222222,pharmacy
323,0.030303,0.232323,pharmacy
324,0.030303,0.242424,school
325,0.030303,0.252525,pharmacy
326,0.030303,0.262626,hospital
327,0.030303,0.272727,pharmacy
328,0.030303,0.282828,hospital
329,0.030303,0.292929,pharmacy
330,0.030303,0.30303,pharmacy
331,0.030303,0.313131,bank
332,0.030303,0.323232,school
333,0.030303,0.333333,hospital
334,0.030303,0.343434,pharmacy
335,0.030303,0.353535,bank
336,0.030303,0.363636,hospital
337,0.030303,0.373737,hospital
338,0.030303,0.383838,hospital
339,0.030303,0.393939,school
340,0.030303,0.40404,pharmacy
341,0.030303,0.414141,bank
342,0.030303,0.424242,pharmacy
343,0.030303,0.434343,bank
344,0.030303,0.444444,restaurant
345,0.030303,0.454545,pharmacy
346,0.030303,0.464646,pharmacy
347,0.030303,0.474747,pharmacy
348,0.030303,0.484848,school
349,0.030303,0.494949,bank
350,0.030303,0.505051,pharmacy
351,0.030303,0.515152,bank
352,0.030303,0.525253,hospital
353,0.030303,0.535354,hospital
354,0.030303,0.545455,restaurant
355,0.030303,0.555556,bank
356,0.030303,0.565657,bank
357,0.030303,0.575758,pharmacy
358,0.030303,0.585859,school
359,0.030303,0.59596,pharmacy
360,0.030303,0.606061,bank
361,0.030303,0.616162,bank
362,0.030303,0.626263,school
363,0.030303,0.636364,restaurant
364,0.030303,0.646465,pharmacy
365,0.030303,0.656566,pharmacy
366,0.030303,0.666667,pharmacy
367,0.030303,0.676768,pharmacy
368,0.030303,0.686869,hospital
369,0.030303,0.69697,restaurant
370,0.030303,0.707071,school
371,0.030303,0.717172,pharmacy
372,0.030303,0.727273,pharmacy
373,0.030303,0.737374,school
374,0.030303,0.747475,pharmacy
375,0.030303,0.757576,hospital
376,0.030303,0.767677,pharmacy
377,0.030303,0.777778,restaurant
378,0.030303,0.787879,pharmacy
379,0.030303,0.79798,hospital
380,0.030303,0.808081,school
381,0.030303,0.818182,hospital
382,0.030303,0.828283,school
383,0.030303,0.838384,bank
384,0.030303,0.848485,school
385,0.030303,0.858586,school
386,0.030303,0.868687,restaurant
387,0.030303,0.878788,bank
388,0.030303,0.888889,hospital
389,0.030303,0.89899,school
390,0.030303,0.909091,bank
391,0.030303,0.919192,hospital
392,0.030303,0.929293,restaurant
393,0.030303,0.939394,bank
394,0.030303,0.949495,hospital
395,0.030303,0.959596,restaurant
396,0.030303,0.969697,hospital
397,0.030303,0.979798,restaurant
398,0.030303,0.989899,hospital
399,0.030303,1.0,school
400,0.040404,0.0,hospital
401,0.040404,0.010101,bank
402,0.040404,0.020202,school
403,0.040404,0.030303,school
404,0.040404,0.040404,hospital
405,0.040404,0.050505,hospital
406,0.040404,0.060606,hospital
407,0.040404,0.070707,school
408,0.040404,0.080808,pharmacy
409,0.040404,0.090909,school
410,0.040404,0.10101,restaurant
411,0.040404,0.111111,school
412,0.040404,0.121212,hospital
413,0.040404,0.131313,restaurant
414,0.040404,0.141414,restaurant
415,0.040404,0.151515,bank
416,0.040404,0.161616,restaurant
417,0.040404,0.171717,bank
418,0.040404,0.181818,restaurant
419,0.040404,0.191919,pharmacy
420,0.040404,0.20202,school
421,0.040404,0.212121,school
422,0.040404,0.222222,bank
423,0.040404,0.232323,school
424,0.040404,0.242424,restaurant
425,0.040404,0.252525,pharmacy
426,0.040404,0.262626,pharmacy
427,0.040404,0.272727,restaurant
428,0.040404,0.282828,pharmacy
429,0.040404,0.292929,bank
430,0.040404,0.30303,bank
431,0.040404,0.313131,hospital
432,0.040404,0.323232,bank
433,0.040404,0.333333,bank
434,0.040404,0.343434,restaurant
435,0.040404,0.353535,restaurant
436,0.040404,0.363636,bank
437,0.040404,0.373737,hospital
438,0.040404,0.383838,restaurant
439,0.040404,0.393939,hospital
440,0.040404,0.40404,school
441,0.040404,0.414141,restaurant
442,0.040404,0.424242,school
443,0.040404,0.434343,hospital
444,0.040404,0.444444,pharmacy
445,0.040404,0.454545,pharmacy
446,0.040404,0.464646,pharmacy
447,0.040404,0.474747,school
448,0.040404,0.484848,restaurant
449,0.040404,0.494949,bank
450,0.040404,0.505051,restaurant
451,0.040404,0.515152,bank
452,0.040404,0.525253,hospital
453,0.040404,0.535354,school
454,0.040404,0.545455,bank
455,0.040404,0.555556,restaurant
456,0.040404,0.565657,bank
457,0.040404,0.575758,bank
458,0.040404,0.585859,restaurant
459,0.040404,0.59596,bank
460,0.040404,0.606061,pharmacy
461,0.040404,0.616162,hospital
462,0.040404,0.626263,bank
463,0.040404,0.636364,restaurant
464,0.040404,0.646465,bank
465,0.040404,0.656566,school
466,0.040404,0.666667,bank
467,0.040404,0.676768,restaurant
468,0.040404,0.686869,pharmacy
469,0.040404,0.69697,school
470,0.040404,0.707071,restaurant
471,0.040404,0.717172,pharmacy
472,0.040404,0.727273,hospital
473,0.040404,0.737374,bank
474,0.040404,0.747475,pharmacy
475,0.040404,0.757576,hospital
476,0.040404,0.767677,bank
477,0.040404,0.777778,hospital
478,0.040404,0.787879,restaurant
479,0.040404,0.79798,bank
480,0.040404,0.808081,hospital
481,0.040404,0.818182,hospital
482,0.040404,0.828283,restaurant
483,0.040404,0.838384,restaurant
484,0.040404,0.848485,pharmacy
485,0.040404,0.858586,hospital
486,0.040404,0.868687,restaurant
487,0.040404,0.878788,school
488,0.040404,0.888889,pharmacy
489,0.040404,0.89899,hospital
490,0.040404,0.909091,restaurant
491,0.040404,0.919192,restaurant
492,0.040404,0.929293,bank
493,0.040404,0.939394,restaurant
494,0.040404,0.949495,bank
495,0.040404,0.959596,bank
496,0.040404,0.969697,bank
497,0.040404,0.979798,pharmacy
498,0.040404,0.989899,pharmacy
499,0.040404,1.0,hospital
500,0.050505,0.0,pharmacy
501,0.050505,0.010101,school
502,0.050505,0.020202,hospital
503,0.050505,0.030303,school
504,0.050505,0.040404,bank
505,0.050505,0.050505,school
506,0.050505,0.060606,school
507,0.050505,0.070707,pharmacy
508,0.050505,0.080808,school
509,0.050505,0.090909,pharmacy
510,0.050505,0.10101,restaurant
511,0.050505,0.111111,hospital
512,0.050505,0.121212,hospital
513,0.050505,0.131313,restaurant
514,0.050505,0.141414,hospital
515,0.050505,0.151515,hospital
516,0.050505,0.161616,school
517,0.050505,0.171717,restaurant
518,0.050505,0.181818,bank
519,0.050505,0.191919,hospital
520,0.050505,0.20202,bank
521,0.050505,0.212121,bank
522,0.050505,0.222222,restaurant
523,0.050505,0.232323,school
524,0.050505,0.242424,hospital
525,0.050505,0.252525,bank
526,0.050505,0.262626,bank
527,0.050505,0.272727,school
528,0.050505,0.282828,pharmacy
529,0.050505,0.292929,restaurant
530,0.050505,0.30303,pharmacy
531,0.050505,0.313131,hospital
532,0.050505,0.323232,restaurant
533,0.050505,0.333333,bank
534,0.050505,0.343434,school
535,0.050505,0.353535,hospital
536,0.050505,0.363636,hospital
537,0.050505,0.373737,restaurant
538,0.050505,0.383838,school
539,0.050505,0.393939,bank
540,0.050505,0.40404,restaurant
541,0.050505,0.414141,restaurant
542,0.050505,0.424242,restaurant
543,0.050505,0.434343,pharmacy
544,0.050505,0.444444,restaurant
545,0.050505,0.454545,hospital
546,0.050505,0.464646,bank
547,0.050505,0.474747,restaurant
548,0.050505,0.484848,hospital
549,0.050505,0.494949,restaurant
550,0.050505,0.505051,hospital
551,0.050505,0.515152,bank
552,0.050505,0.525253,restaurant
553,0.050505,0.535354,school
554,0.050505,0.545455,bank
555,0.050505,0.555556,school
556,0.050505,0.565657,restaurant
557,0.050505,0.575758,pharmacy
558,0.050505,0.585859,hospital
559,0.050505,0.59596,hospital
560,0.050505,0.606061,pharmacy
561,0.050505,0.616162,bank
562,0.050505,0.626263,bank
563,0.050505,0.636364,restaurant
564,0.050505,0.646465,bank
565,0.050505,0.656566,hospital
566,0.050505,0.666667,school
567,0.050505,0.676768,pharmacy
568,0.050505,0.686869,bank
569,0.050505,0.69697,school
570,0.050505,0.707071,bank
571,0.050505,0.717172,restaurant
572,0.050505,0.727273,restaurant
573,0.050505,0.737374,hospital
574,0.050505,0.747475,bank
575,0.050505,0.757576,pharmacy
576,0.050505,0.767677,pharmacy
577,0.050505,0.777778,hospital
578,0.050505,0.787879,pharmacy
579,0.050505,0.79798,school
580,0.050505,0.808081,restaurant
581,0.050505,0.818182,school
582,0.050505,0.828283,hospital
583,0.050505,0.838384,restaurant
584,0.050505,0.848485,pharmacy
585,0.050505,0.858586,hospital
586,0.050505,0.868687,bank
587,0.050505,0.878788,pharmacy
588,0.050505,0.888889,school
589,0.050505,0.89899,pharmacy
590,0.050505,0.909091,hospital
591,0.050505,0.919192,pharmacy
592,0.050505,0.929293,pharmacy
593,0.050505,0.939394,pharmacy
594,0.050505,0.949495,bank
595,0.050505,0.959596,pharmacy
596,0.050505,0.969697,hospital
597,0.050505,0.979798,bank
598,0.050505,0.989899,bank
599,0.050505,1.0,bank
600,0.060606,0.0,hospital
601,0.060606,0.010101,restaurant
602,0.060606,0.020202,bank
603,0.060606,0.030303,school
604,0.060606,0.040404,school
605,0.060606,0.050505,pharmacy
606,0.060606,0.060606,bank
607,0.060606,0.070707,bank
608,0.060606,0.080808,pharmacy
609,0.060606,0.090909,hospital
610,0.060606,0.10101,school
611,0.060606,0.111111,restaurant
612,0.060606,0.121212,bank
613,0.060606,0.131313,school
614,0.060606,0.141414,bank
615,0.060606,0.151515,pharmacy
616,0.060606,0.161616,pharmacy
617,0.060606,0.171717,bank
618,0.060606,0.181818,pharmacy
619,0.060606,0.191919,bank
620,0.060606,0.20202,school
621,0.060606,0.212121,restaurant
622,0.060606,0.222222,bank
623,0.060606,0.232323,restaurant
624,0.060606,0.242424,hospital
625,0.060606,0.252525,hospital
626,0.060606,0.262626,hospital
627,0.060606,0.272727,school
628,0.060606,0.282828,school
629,0.060606,0.292929,school
630,0.060606,0.30303,bank
631,0.060606,0.313131,school
632,0.060606,0.323232,restaurant
633,0.060606,0.333333,bank
634,0.060606,0.343434,pharmacy
635,0.060606,0.353535,hospital
636,0.060606,0.363636,bank
637,0.060606,0.373737,pharmacy
638,0.060606,0.383838,hospital
639,0.060606,0.393939,restaurant
640,0.060606,0.40404,restaurant
641,0.060606,0.414141,restaurant
642,0.060606,0.424242,pharmacy
643,0.060606,0.434343,pharmacy
644,0.060606,0.444444,hospital
645,0.060606,0.454545,bank
646,0.060606,0.464646,school
647,0.060606,0.474747,bank
648,0.060606,0.484848,school
649,0.060606,0.494949,restaurant
650,0.060606,0.505051,bank
651,0.060606,0.515152,hospital
652,0.060606,0.525253,school
653,0.060606,0.535354,restaurant
654,0.060606,0.545455,pharmacy
655,0.060606,0.555556,restaurant
656,0.060606,0.565657,school
657,0.060606,0.575758,school
658,0.060606,0.585859,school
659,0.060606,0.59596,bank
660,0.060606,0.606061,pharmacy
661,0.060606,0.616162,hospital
662,0.060606,0.626263,restaurant
663,0.060606,0.636364,bank
664,0.060606,0.646465,school
665,0.060606,0.656566,bank
666,0.060606,0.666667,restaurant
667,0.060606,0.676768,school
668,0.060606,0.686869,bank
669,0.060606,0.69697,pharmacy
670,0.060606,0.707071,school
671,0.060606,0.717172,restaurant
672,0.060606,0.727273,school
673,0.060606,0.737374,hospital
674,0.060606,0.747475,hospital
675,0.060606,0.757576,bank
676,0.060606,0.767677,pharmacy
677,0.060606,0.777778,bank
678,0.060606,0.787879,hospital
679,0.060606,0.79798,pharmacy
680,0.060606,0.808081,restaurant
681,0.060606,0.818182,restaurant
682,0.060606,0.828283,hospital
683,0.060606,0.838384,pharmacy
684,0.060606,0.848485,pharmacy
685,0.060606,0.858586,restaurant
686,0.060606,0.868687,bank
687,0.060606,0.878788,restaurant
688,0.060606,0.888889,hospital
689,0.060606,0.89899,school
690,0.060606,0.909091,school
691,0.060606,0.919192,school
692,0.060606,0.929293,bank
693,0.060606,0.939394,hospital
694,0.060606,0.949495,bank
695,0.060606,0.959596,school
696,0.060606,0.969697,school
697,0.060606,0.979798,school
698,0.060606,0.989899,restaurant
699,0.060606,1.0,hospital
700,0.070707,0.0,school
701,0.070707,0.010101,restaurant
702,0.070707,0.020202,school
703,0.070707,0.030303,restaurant
704,0.070707,0.040404,bank
705,0.070707,0.050505,restaurant
706,0.070707,0.060606,bank
707,0.070707,0.070707,restaurant
708,0.070707,0.080808,restaurant
709,0.070707,0.090909,school
710,0.070707,0.10101,bank
711,0.070707,0.111111,hospital
712,0.070707,0.121212,bank
713,0.070707,0.131313,restaurant
714,0.070707,0.141414,restaurant
715,0.070707,0.151515,restaurant
716,0.070707,0.161616,bank
717,0.070707,0.171717,school
718,0.070707,0.181818,school
719,0.070707,0.191919,pharmacy
720,0.070707,0.20202,bank
721,0.070707,0.212121,restaurant
722,0.070707,0.222222,school
723,0.070707,0.232323,restaurant
724,0.070707,0.242424,bank
725,0.070707,0.252525,restaurant
726,0.070707,0.262626,bank
727,0.070707,0.272727,bank
728,0.070707,0.282828,restaurant
729,0.070707,0.292929,hospital
730,0.070707,0.30303,hospital
731,0.070707,0.313131,restaurant
732,0.070707,0.323232,school
733,0.070707,0.333333,pharmacy
734,0.070707,0.343434,restaurant
735,0.070707,0.353535,hospital
736,0.070707,0.363636,restaurant
737,0.070707,0.373737,school
738,0.070707,0.383838,bank
739,0.070707,0.393939,school
740,0.070707,0.40404,pharmacy
741,0.070707,0.414141,pharmacy
742,0.070707,0.424242,hospital
743,0.070707,0.434343,bank
744,0.070707,0.444444,bank
745,0.070707,0.454545,school
746,0.070707,0.464646,school
747,0.070707,0.474747,pharmacy
748,0.070707,0.484848,hospital
749,0.070707,0.494949,restaurant
750,0.070707,0.505051,school
751,0.070707,0.515152,bank
752,0.070707,0.525253,pharmacy
753,0.070707,0.535354,hospital
754,0.070707,0.545455,hospital
755,0.070707,0.555556,school
756,0.070707,0.565657,school
757,0.070707,0.575758,restaurant
758,0.070707,0.585859,restaurant
759,0.070707,0.59596,restaurant
760,0.070707,0.606061,restaurant
761,0.070707,0.616162,restaurant
762,0.070707,0.626263,school
763,0.070707,0.636364,hospital
764,0.070707,0.646465,restaurant
765,0.070707,0.656566,school
766,0.070707,0.666667,pharmacy
767,0.070707,0.676768,school
768,0.070707,0.686869,bank
769,0.070707,0.69697,hospital
770,0.070707,0.707071,hospital
771,0.070707,0.717172,bank
772,0.070707,0.727273,hospital
773,0.070707,0.737374,pharmacy
774,0.070707,0.747475,school
775,0.070707,0.757576,pharmacy
776,0.070707,0.767677,hospital
777,0.070707,0.777778,school
778,0.070707,0.787879,restaurant
779,0.070707,0.79798,school
780,0.070707,0.808081,school
781,0.070707,0.818182,hospital
782,0.070707,0.828283,pharmacy
783,0.070707,0.838384,hospital
784,0.070707,0.848485,hospital
785,0.070707,0.858586,bank
786,0.070707,0.868687,hospital
787,0.070707,0.878788,restaurant
788,0.070707,0.888889,pharmacy
789,0.070707,0.89899,bank
790,0.070707,0.909091,restaurant
791,0.070707,0.919192,hospital
792,0.070707,0.929293,restaurant
793,0.070707,0.939394,restaurant
794,0.070707,0.949495,pharmacy
795,0.070707,0.959596,hospital
796,0.070707,0.969697,bank
797,0.070707,0.979798,school
798,0.070707,0.989899,school
799,0.070707,1.0,school
800,0.080808,0.0,pharmacy
801,0.080808,0.010101,hospital
802,0.080808,0.020202,school
803,0.080808,0.030303,restaurant
804,0.080808,0.040404,restaurant
805,0.080808,0.050505,bank
806,0.080808,0.060606,school
807,0.080808,0.070707,restaurant
808,0.080808,0.080808,pharmacy
809,0.080808,0.090909,restaurant
810,0.080808,0.10101,hospital
811,0.080808,0.111111,pharmacy
812,0.080808,0.121212,pharmacy
813,0.080808,0.131313,hospital
814,0.080808,0.141414,bank
815,0.080808,0.151515,restaurant
816,0.080808,0.161616,hospital
817,0.080808,0.171717,school
818,0.080808,0.181818,school
819,0.080808,0.191919,school
820,0.080808,0.20202,school
821,0.080808,0.212121,restaurant
822,0.080808,0.222222,bank
823,0.080808,0.232323,hospital
824,0.080808,0.242424,bank
825,0.080808,0.252525,school
826,0.080808,0.262626,school
827,0.080808,0.272727,pharmacy
828,0.080808,0.282828,school
829,0.080808,0.292929,bank
830,0.080808,0.30303,bank
831,0.080808,0.313131,school
832,0.080808,0.323232,pharmacy
833,0.080808,0.333333,school
834,0.080808,0.343434,school
835,0.080808,0.353535,hospital
836,0.080808,0.363636,bank
837,0.080808,0.373737,hospital
838,0.080808,0.383838,hospital
839,0.080808,0.393939,hospital
840,0.080808,0.40404,pharmacy
841,0.080808,0.414141,bank
842,0.080808,0.424242,school
843,0.080808,0.434343,bank
844,0.080808,0.444444,pharmacy
845,0.080808,0.454545,bank
846,0.080808,0.464646,bank
847,0.080808,0.474747,hospital
848,0.080808,0.484848,hospital
849,0.080808,0.494949,pharmacy
850,0.080808,0.505051,bank
851,0.080808,0.515152,restaurant
852,0.080808,0.525253,hospital
853,0.080808,0.535354,restaurant
854,0.080808,0.545455,pharmacy
855,0.080808,0.555556,school
856,0.080808,0.565657,bank
857,0.080808,0.575758,bank
858,0.080808,0.585859,bank
859,0.080808,0.59596,restaurant
860,0.080808,0.606061,pharmacy
861,0.080808,0.616162,pharmacy
862,0.080808,0.626263,hospital
863,0.080808,0.636364,school
864,0.080808,0.646465,restaurant
865,0.080808,0.656566,hospital
866,0.080808,0.666667,pharmacy
867,0.080808,0.676768,bank
868,0.080808,0.686869,bank
869,0.080808,0.69697,pharmacy
870,0.080808,0.707071,restaurant
871,0.080808,0.717172,school
872,0.080808,0.727273,restaurant
873,0.080808,0.737374,restaurant
874,0.080808,0.747475,hospital
875,0.080808,0.757576,school
876,0.080808,0.767677,pharmacy
877,0.080808,0.777778,hospital
878,0.080808,0.787879,pharmacy
879,0.080808,0.79798,hospital
880,0.080808,0.808081,bank
881,0.080808,0.818182,school
882,0.080808,0.828283,restaurant
883,0.080808,0.838384,bank
884,0.080808,0.848485,bank
885,0.080808,0.858586,hospital
886,0.080808,0.868687,school
887,0.080808,0.878788,school
888,0.080808,0.888889,bank
889,0.080808,0.89899,restaurant
890,0.080808,0.909091,hospital
891,0.080808,0.919192,school
892,0.080808,0.929293,restaurant
893,0.080808,0.939394,hospital
894,0.080808,0.949495,school
895,0.080808,0.959596,bank
896,0.080808,0.969697,restaurant
897,0.080808,0.979798,school
898,0.080808,0.989899,restaurant
899,0.080808,1.0,school
900,0.090909,0.0,hospital
901,0.090909,0.010101,bank
902,0.090909,0.020202,restaurant
903,0.090909,0.030303,pharmacy
904,0.090909,0.040404,bank
905,0.090909,0.050505,hospital
906,0.090909,0.060606,school
907,0.090909,0.070707,hospital
908,0.090909,0.080808,restaurant
909,0.090909,0.090909,hospital
910,0.090909,0.10101,hospital
911,0.090909,0.111111,school
912,0.090909,0.121212,hospital
913,0.090909,0.131313,restaurant
914,0.090909,0.141414,restaurant
915,0.090909,0.151515,bank
916,0.090909,0.161616,pharmacy
917,0.090909,0.171717,school
918,0.090909,0.181818,pharmacy
919,0.090909,0.191919,hospital
920,0.090909,0.20202,hospital
921,0.090909,0.212121,school
922,0.090909,0.222222,school
923,0.090909,0.232323,bank
924,0.090909,0.242424,pharmacy
925,0.090909,0.252525,hospital
926,0.090909,0.262626,school
927,0.090909,0.272727,bank
928,0.090909,0.282828,hospital
929,0.090909,0.292929,bank
930,0.090909,0.30303,pharmacy
931,0.090909,0.313131,hospital
932,0.090909,0.323232,school
933,0.090909,0.333333,bank
934,0.090909,0.343434,bank
935,0.090909,0.353535,hospital
936,0.090909,0.363636,school
937,0.090909,0.373737,school
938,0.090909,0.383838,restaurant
939,0.090909,0.393939,bank
940,0.090909,0.40404,bank
941,0.090909,0.414141,hospital
942,0.090909,0.424242,restaurant
943,0.090909,0.434343,hospital
944,0.090909,0.444444,hospital
945,0.090909,0.454545,pharmacy
946,0.090909,0.464646,school
947,0.090909,0.474747,bank
948,0.090909,0.484848,restaurant
949,0.090909,0.494949,school
950,0.090909,0.505051,restaurant
951,0.090909,0.515152,restaurant
952,0.090909,0.525253,school
953,0.090909,0.535354,hospital
954,0.090909,0.545455,bank
955,0.090909,0.555556,bank
956,0.090909,0.565657,bank
957,0.090909,0.575758,restaurant
958,0.090909,0.585859,bank
959,0.090909,0.59596,restaurant
960,0.090909,0.606061,school
961,0.090909,0.616162,bank
962,0.090909,0.626263,pharmacy
963,0.090909,0.636364,hospital
964,0.090909,0.646465,school
965,0.090909,0.656566,restaurant
966,0.090909,0.666667,restaurant
967,0.090909,0.676768,school
968,0.090909,0.686869,bank
969,0.090909,0.69697,bank
970,0.090909,0.707071,school
971,0.090909,0.717172,hospital
972,0.090909,0.727273,restaurant
973,0.090909,0.737374,pharmacy
974,0.090909,0.747475,school
975,0.090909,0.757576,hospital
976,0.090909,0.767677,restaurant
977,0.090909,0.777778,restaurant
978,0.090909,0.787879,school
979,0.090909,0.79798,bank
980,0.090909,0.808081,school
981,0.090909,0.818182,hospital
982,0.090909,0.828283,school
983,0.090909,0.838384,bank
984,0.090909,0.848485,school
985,0.090909,0.858586,bank
986,0.090909,0.868687,school
987,0.090909,0.878788,bank
988,0.090909,0.888889,bank
989,0.090909,0.89899,restaurant
990,0.090909,0.909091,hospital
991,0.090909,0.919192,bank
992,0.090909,0.929293,pharmacy
993,0.090909,0.939394,restaurant
994,0.090909,0.949495,restaurant
995,0.090909,0.959596,restaurant
996,0.090909,0.969697,restaurant
997,0.090909,0.979798,pharmacy
998,0.090909,0.989899,bank
999,0.090909,1.0,restaurant
1000,0.10101,0.0,restaurant
1001,0.10101,0.010101,restaurant
1002,0.10101,0.020202,restaurant
1003,0.10101,0.030303,bank
1004,0.10101,0.040404,pharmacy
1005,0.10101,0.050505,bank
1006,0.10101,0.060606,bank
1007,0.10101,0.070707,hospital
1008,0.10101,0.080808,bank
1009,0.10101,0.090909,school
1010,0.10101,0.10101,school
1011,0.10101,0.111111,school
1012,0.10101,0.121212,restaurant
1013,0.10101,0.131313,school
1014,0.10101,0.141414,school
1015,0.10101,0.151515,hospital
1016,0.10101,0.161616,school
1017,0.10101,0.171717,hospital
1018,0.10101,0.181818,bank
1019,0.10101,0.191919,restaurant
1020,0.10101,0.20202,hospital
1021,0.10101,0.212121,pharmacy
1022,0.10101,0.222222,hospital
1023,0.10101,0.232323,restaurant
1024,0.10101,0.242424,restaurant
1025,0.10101,0.252525,school
1026,0.10101,0.262626,restaurant
1027,0.10101,0.272727,pharmacy
1028,0.10101,0.282828,bank
1029,0.10101,0.292929,pharmacy
1030,0.10101,0.30303,hospital
1031,0.10101,0.313131,school
1032,0.10101,0.323232,hospital
1033,0.10101,0.333333,hospital
1034,0.10101,0.343434,school
1035,0.10101,0.353535,bank
1036,0.10101,0.363636,bank
1037,0.10101,0.373737,school
1038,0.10101,0.383838,pharmacy
1039,0.10101,0.393939,pharmacy
1040,0.10101,0.40404,restaurant
1041,0.10101,0.414141,hospital
1042,0.10101,0.424242,school
1043,0.10101,0.434343,bank
1044,0.10101,0.444444,bank
1045,0.10101,0.454545,restaurant
1046,0.10101,0.464646,pharmacy
1047,0.10101,0.474747,bank
1048,0.10101,0.484848,hospital
1049,0.10101,0.494949,bank
1050,0.10101,0.505051,school
1051,0.10101,0.515152,school
1052,0.10101,0.525253,school
1053,0.10101,0.535354,hospital
1054,0.10101,0.545455,hospital
1055,0.10101,0.555556,hospital
1056,0.10101,0.565657,school
1057,0.10101,0.575758,school
1058,0.10101,0.585859,pharmacy
1059,0.10101,0.59596,hospital
1060,0.10101,0.606061,pharmacy
1061,0.10101,0.616162,bank
1062,0.10101,0.626263,restaurant
1063,0.10101,0.636364,restaurant
1064,0.10101,0.646465,restaurant
1065,0.10101,0.656566,pharmacy
1066,0.10101,0.666667,restaurant
1067,0.10101,0.676768,restaurant
1068,0.10101,0.686869,restaurant
1069,0.10101,0.69697,restaurant
1070,0.10101,0.707071,hospital
1071,0.10101,0.717172,school
1072,0.10101,0.727273,hospital
1073,0.10101,0.737374,hospital
1074,0.10101,0.747475,hospital
1075,0.10101,0.757576,hospital
1076,0.10101,0.767677,hospital
1077,0.10101,0.777778,restaurant
1078,0.10101,0.787879,pharmacy
1079,0.10101,0.79798,hospital
1080,0.10101,0.808081,restaurant
1081,0.10101,0.818182,bank
1082,0.10101,0.828283,school
1083,0.10101,0.838384,restaurant
1084,0.10101,0.848485,hospital
1085,0.10101,0.858586,pharmacy
1086,0.10101,0.868687,pharmacy
1087,0.10101,0.878788,hospital
1088,0.10101,0.888889,bank
1089,0.10101,0.89899,school
1090,0.10101,0.909091,bank
1091,0.10101,0.919192,bank
1092,0.10101,0.929293,bank
1093,0.10101,0.939394,school
1094,0.10101,0.949495,hospital
1095,0.10101,0.959596,school
1096,0.10101,0.969697,restaurant
1097,0.10101,0.979798,bank
1098,0.10101,0.989899,restaurant
1099,0.10101,1.0,hospital
1100,0.111111,0.0,bank
1101,0.111111,0.010101,bank
1102,0.111111,0.020202,hospital
1103,0.111111,0.030303,pharmacy
1104,0.111111,0.040404,pharmacy
1105,0.111111,0.050505,hospital
1106,0.111111,0.060606,bank
1107,0.111111,0.070707,restaurant
1108,0.111111,0.080808,pharmacy
1109,0.111111,0.090909,hospital
1110,0.111111,0.10101,school
1111,0.111111,0.111111,pharmacy
1112,0.111111,0.121212,restaurant
1113,0.111111,0.131313,bank
1114,0.111111,0.141414,bank
1115,0.111111,0.151515,pharmacy
1116,0.111111,0.161616,pharmacy
1117,0.111111,0.171717,restaurant
1118,0.111111,0.181818,hospital
1119,0.111111,0.191919,bank
1120,0.111111,0.20202,restaurant
1121,0.111111,0.212121,restaurant
1122,0.111111,0.222222,hospital
1123,0.111111,0.232323,bank
1124,0.111111,0.242424,hospital
1125,0.111111,0.252525,restaurant
1126,0.111111,0.262626,bank
1127,0.111111,0.272727,pharmacy
1128,0.111111,0.282828,hospital
1129,0.111111,0.292929,bank
1130,0.111111,0.30303,restaurant
1131,0.111111,0.313131,school
1132,0.111111,0.323232,restaurant
1133,0.111111,0.333333,hospital
1134,0.111111,0.343434,pharmacy
1135,0.111111,0.353535,restaurant
1136,0.111111,0.363636,bank
1137,0.111111,0.373737,hospital
1138,0.111111,0.383838,bank
1139,0.111111,0.393939,school
1140,0.111111,0.40404,pharmacy
1141,0.111111,0.414141,school
1142,0.111111,0.424242,bank
1143,0.111111,0.434343,school
1144,0.111111,0.444444,bank
1145,0.111111,0.454545,school
1146,0.111111,0.464646,pharmacy
1147,0.111111,0.474747,hospital
1148,0.111111,0.484848,pharmacy
1149,0.111111,0.494949,bank
1150,0.111111,0.505051,hospital
1151,0.111111,0.515152,school
1152,0.111111,0.525253,restaurant
1153,0.111111,0.535354,school
1154,0.111111,0.545455,restaurant
1155,0.111111,0.555556,restaurant
1156,0.111111,0.565657,school
1157,0.111111,0.575758,bank
1158,0.111111,0.585859,restaurant
1159,0.111111,0.59596,pharmacy
1160,0.111111,0.606061,restaurant
1161,0.111111,0.616162,school
1162,0.111111,0.626263,school
1163,0.111111,0.636364,bank
1164,0.111111,0.646465,restaurant
1165,0.111111,0.656566,hospital
1166,0.111111,0.666667,school
1167,0.111111,0.676768,school
1168,0.111111,0.686869,hospital
1169,0.111111,0.69697,bank
1170,0.111111,0.707071,school
1171,0.111111,0.717172,hospital
1172,0.111111,0.727273,school
1173,0.111111,0.737374,bank
1174,0.111111,0.747475,bank
1175,0.111111,0.757576,school
1176,0.111111,0.767677,pharmacy
1177,0.111111,0.777778,restaurant
1178,0.111111,0.787879,school
1179,0.111111,0.79798,hospital
1180,0.111111,0.808081,hospital
1181,0.111111,0.818182,bank
1182,0.111111,0.828283,bank
1183,0.111111,0.838384,pharmacy
1184,0.111111,0.848485,hospital
1185,0.111111,0.858586,school
1186,0.111111,0.868687,bank
1187,0.111111,0.878788,pharmacy
1188,0.111111,0.888889,pharmacy
1189,0.111111,0.89899,restaurant
1190,0.111111,0.909091,pharmacy
1191,0.111111,0.919192,hospital
1192,0.111111,0.929293,hospital
1193,0.111111,0.939394,restaurant
1194,0.111111,0.949495,restaurant
1195,0.111111,0.959596,hospital
1196,0.111111,0.969697,pharmacy
1197,0.111111,0.979798,hospital
1198,0.111111,0.989899,bank
1199,0.111111,1.0,bank
1200,0.121212,0.0,school
1201,0.121212,0.010101,school
1202,0.121212,0.020202,hospital
1203,0.121212,0.030303,restaurant
1204,0.121212,0.040404,hospital
1205,0.121212,0.050505,bank
1206,0.121212,0.060606,school
1207,0.121212,0.070707,restaurant
1208,0.121212,0.080808,bank
1209,0.121212,0.090909,pharmacy
1210,0.121212,0.10101,school
1211,0.121212,0.111111,bank
1212,0.121212,0.121212,pharmacy
1213,0.121212,0.131313,hospital
1214,0.121212,0.141414,hospital
1215,0.121212,0.151515,pharmacy
1216,0.121212,0.161616,school
1217,0.121212,0.171717,pharmacy
1218,0.121212,0.181818,hospital
1219,0.121212,0.191919,school
1220,0.121212,0.20202,hospital
1221,0.121212,0.212121,pharmacy
1222,0.121212,0.222222,hospital
1223,0.121212,0.232323,bank
1224,0.121212,0.242424,school
1225,0.121212,0.252525,pharmacy
1226,0.121212,0.262626,hospital
1227,0.121212,0.272727,school
1228,0.121212,0.282828,restaurant
1229,0.121212,0.292929,bank
1230,0.121212,0.30303,hospital
1231,0.121212,0.313131,hospital
1232,0.121212,0.323232,hospital
1233,0.121212,0.333333,bank
1234,0.121212,0.343434,pharmacy
1235,0.121212,0.353535,bank
1236,0.121212,0.363636,restaurant
1237,0.121212,0.373737,bank
1238,0.121212,0.383838,school
1239,0.121212,0.393939,pharmacy
1240,0.121212,0.40404,school
1241,0.121212,0.414141,pharmacy
1242,0.121212,0.424242,restaurant
1243,0.121212,0.434343,school
1244,0.121212,0.444444,restaurant
1245,0.121212,0.454545,pharmacy
1246,0.121212,0.464646,hospital
1247,0.121212,0.474747,school
1248,0.121212,0.484848,school
1249,0.121212,0.494949,restaurant
1250,0.121212,0.505051,school
1251,0.121212,0.515152,pharmacy
1252,0.121212,0.525253,school
1253,0.121212,0.535354,hospital
1254,0.121212,0.545455,bank
1255,0.121212,0.555556,bank
1256,0.121212,0.565657,pharmacy
1257,0.121212,0.575758,school
1258,0.121212,0.585859,school
1259,0.121212,0.59596,hospital
1260,0.121212,0.606061,school
1261,0.121212,0.616162,pharmacy
1262,0.121212,0.626263,school
1263,0.121212,0.636364,hospital
1264,0.121212,0.646465,school
1265,0.121212,0.656566,school
1266,0.121212,0.666667,bank
1267,0.121212,0.676768,bank
1268,0.121212,0.686869,hospital
1269,0.121212,0.69697,restaurant
1270,0.121212,0.707071,school
1271,0.121212,0.717172,restaurant
1272,0.121212,0.727273,bank
1273,0.121212,0.737374,school
1274,0.121212,0.747475,pharmacy
1275,0.121212,0.757576,pharmacy
1276,0.121212,0.767677,bank
1277,0.121212,0.777778,bank
1278,0.121212,0.787879,hospital
1279,0.121212,0.79798,bank
1280,0.121212,0.808081,restaurant
1281,0.121212,0.818182,pharmacy
1282,0.121212,0.828283,bank
1283,0.121212,0.838384,bank
1284,0.121212,0.848485,pharmacy
1285,0.121212,0.858586,school
1286,0.121212,0.868687,hospital
1287,0.121212,0.878788,bank
1288,0.121212,0.888889,bank
1289,0.121212,0.89899,pharmacy
1290,0.121212,0.909091,bank
1291,0.121212,0.919192,hospital
1292,0.121212,0.929293,hospital
1293,0.121212,0.939394,school
1294,0.121212,0.949495,restaurant
1295,0.121212,0.959596,hospital
1296,0.121212,0.969697,hospital
1297,0.121212,0.979798,bank
1298,0.121212,0.989899,restaurant
1299,0.121212,1.0,pharmacy
1300,0.131313,0.0,restaurant
1301,0.131313,0.010101,hospital
1302,0.131313,0.020202,restaurant
1303,0.131313,0.030303,pharmacy
1304,0.131313,0.040404,restaurant
1305,0.131313,0.050505,school
1306,0.131313,0.060606,hospital
1307,0.131313,0.070707,restaurant
1308,0.131313,0.080808,pharmacy
1309,0.131313,0.090909,school
1310,0.131313,0.10101,hospital
1311,0.131313,0.111111,pharmacy
1312,0.131313,0.121212,restaurant
1313,0.131313,0.131313,pharmacy
1314,0.131313,0.141414,pharmacy
1315,0.131313,0.151515,hospital
1316,0.131313,0.161616,restaurant
1317,0.131313,0.171717,restaurant
1318,0.131313,0.181818,bank
1319,0.131313,0.191919,hospital
1320,0.131313,0.20202,hospital
1321,0.131313,0.212121,school
1322,0.131313,0.222222,hospital
1323,0.131313,0.232323,restaurant
1324,0.131313,0.242424,restaurant
1325,0.131313,0.252525,school
1326,0.131313,0.262626,hospital
1327,0.131313,0.272727,restaurant
1328,0.131313,0.282828,bank
1329,0.131313,0.292929,pharmacy
1330,0.131313,0.30303,bank
1331,0.131313,0.313131,restaurant
1332,0.131313,0.323232,school
1333,0.131313,0.333333,pharmacy
1334,0.131313,0.343434,pharmacy
1335,0.131313,0.353535,pharmacy
1336,0.131313,0.363636,bank
1337,0.131313,0.373737,restaurant
1338,0.131313,0.383838,pharmacy
1339,0.131313,0.393939,school
1340,0.131313,0.40404,restaurant
1341,0.131313,0.414141,restaurant
1342,0.131313,0.424242,school
1343,0.131313,0.434343,restaurant
1344,0.131313,0.444444,pharmacy
1345,0.131313,0.454545,hospital
1346,0.131313,0.464646,restaurant
1347,0.131313,0.474747,restaurant
1348,0.131313,0.484848,bank
1349,0.131313,0.494949,school
1350,0.131313,0.505051,hospital
1351,0.131313,0.515152,hospital
1352,0.131313,0.525253,pharmacy
1353,0.131313,0.535354,bank
1354,0.131313,0.545455,restaurant
1355,0.131313,0.555556,pharmacy
1356,0.131313,0.565657,restaurant
1357,0.131313,0.575758,restaurant
1358,0.131313,0.585859,pharmacy
1359,0.131313,0.59596,restaurant
1360,0.131313,0.606061,bank
1361,0.131313,0.616162,bank
1362,0.131313,0.626263,hospital
1363,0.131313,0.636364,hospital
1364,0.131313,0.646465,restaurant
1365,0.131313,0.656566,pharmacy
1366,0.131313,0.666667,school
1367,0.131313,0.676768,school
1368,0.131313,0.686869,pharmacy
1369,0.131313,0.69697,restaurant
1370,0.131313,0.707071,bank
1371,0.131313,0.717172,hospital
1372,0.131313,0.727273,school
1373,0.131313,0.737374,hospital
1374,0.131313,0.747475,pharmacy
1375,0.131313,0.757576,bank
1376,0.131313,0.767677,bank
1377,0.131313,0.777778,bank
1378,0.131313,0.787879,bank
1379,0.131313,0.79798,pharmacy
1380,0.131313,0.808081,restaurant
1381,0.131313,0.818182,restaurant
1382,0.131313,0.828283,bank
1383,0.131313,0.838384,pharmacy
1384,0.131313,0.848485,restaurant
1385,0.131313,0.858586,pharmacy
1386,0.131313,0.868687,hospital
1387,0.131313,0.878788,school
1388,0.131313,0.888889,pharmacy
1389,0.131313,0.89899,restaurant
1390,0.131313,0.909091,pharmacy
1391,0.131313,0.919192,hospital
1392,0.131313,0.929293,hospital
1393,0.131313,0.939394,restaurant
1394,0.131313,0.949495,pharmacy
1395,0.131313,0.959596,school
1396,0.131313,0.969697,hospital
1397,0.131313,0.979798,hospital
1398,0.131313,0.989899,bank
1399,0.131313,1.0,hospital
1400,0.141414,0.0,hospital
1401,0.141414,0.010101,school
1402,0.141414,0.020202,bank
1403,0.141414,0.030303,bank
1404,0.141414,0.040404,hospital
1405,0.141414,0.050505,restaurant
1406,0.141414,0.060606,school
1407,0.141414,0.070707,restaurant
1408,0.141414,0.080808,bank
1409,0.141414,0.090909,bank
1410,0.141414,0.10101,pharmacy
1411,0.141414,0.111111,restaurant
1412,0.141414,0.121212,pharmacy
1413,0.141414,0.131313,pharmacy
1414,0.141414,0.141414,school
1415,0.141414,0.151515,pharmacy
1416,0.141414,0.161616,pharmacy
1417,0.141414,0.171717,school
1418,0.141414,0.181818,hospital
1419,0.141414,0.191919,hospital
1420,0.141414,0.20202,bank
1421,0.141414,0.212121,bank
1422,0.141414,0.222222,bank
1423,0.141414,0.232323,pharmacy
1424,0.141414,0.242424,bank
1425,0.141414,0.252525,school
1426,0.141414,0.262626,hospital
1427,0.141414,0.272727,hospital
1428,0.141414,0.282828,hospital
1429,0.141414,0.292929,bank
1430,0.141414,0.30303,bank
1431,0.141414,0.313131,bank
1432,0.141414,0.323232,pharmacy
1433,0.141414,0.333333,pharmacy
1434,0.141414,0.343434,hospital
1435,0.141414,0.353535,hospital
1436,0.141414,0.363636,school
1437,0.141414,0.373737,hospital
1438,0.141414,0.383838,pharmacy
1439,0.141414,0.393939,pharmacy
1440,0.141414,0.40404,pharmacy
1441,0.141414,0.414141,school
1442,0.141414,0.424242,pharmacy
1443,0.141414,0.434343,hospital
1444,0.141414,0.444444,pharmacy
1445,0.141414,0.454545,restaurant
1446,0.141414,0.464646,bank
1447,0.141414,0.474747,restaurant
1448,0.141414,0.484848,bank
1449,0.141414,0.494949,school
1450,0.141414,0.505051,pharmacy
1451,0.141414,0.515152,bank
1452,0.141414,0.525253,school
1453,0.141414,0.535354,school
1454,0.141414,0.545455,school
1455,0.141414,0.555556,bank
1456,0.141414,0.565657,school
1457,0.141414,0.575758,hospital
1458,0.141414,0.585859,hospital
1459,0.141414,0.59596,bank
1460,0.141414,0.606061,restaurant
1461,0.141414,0.616162,hospital
1462,0.141414,0.626263,bank
1463,0.141414,0.636364,bank
1464,0.141414,0.646465,restaurant
1465,0.141414,0.656566,restaurant
1466,0.141414,0.666667,bank
1467,0.141414,0.676768,restaurant
1468,0.141414,0.686869,pharmacy
1469,0.141414,0.69697,school
1470,0.141414,0.707071,pharmacy
1471,0.141414,0.717172,restaurant
1472,0.141414,0.727273,restaurant
1473,0.141414,0.737374,hospital
1474,0.141414,0.747475,bank
1475,0.141414,0.757576,pharmacy
1476,0.141414,0.767677,bank
1477,0.141414,0.777778,hospital
1478,0.141414,0.787879,restaurant
1479,0.141414,0.79798,hospital
1480,0.141414,0.808081,hospital
1481,0.141414,0.818182,hospital
1482,0.141414,0.828283,restaurant
1483,0.141414,0.838384,hospital
1484,0.141414,0.848485,school
1485,0.141414,0.858586,restaurant
1486,0.141414,0.868687,pharmacy
1487,0.141414,0.878788,hospital
1488,0.141414,0.888889,school
1489,0.141414,0.89899,pharmacy
1490,0.141414,0.909091,school
1491,0.141414,0.919192,school
1492,0.141414,0.929293,pharmacy
1493,0.141414,0.939394,bank
1494,0.141414,0.949495,bank
1495,0.141414,0.959596,school
1496,0.141414,0.969697,hospital
1497,0.141414,0.979798,pharmacy
1498,0.141414,0.989899,restaurant
1499,0.141414,1.0,hospital
1500,0.151515,0.0,school
1501,0.151515,0.010101,pharmacy
1502,0.151515,0.020202,pharmacy
1503,0.151515,0.030303,bank
1504,0.151515,0.040404,pharmacy
1505,0.151515,0.050505,hospital
1506,0.151515,0.060606,hospital
1507,0.151515,0.070707,bank
1508,0.151515,0.080808,bank
1509,0.151515,0.090909,bank
1510,0.151515,0.10101,bank
1511,0.151515,0.111111,pharmacy
1512,0.151515,0.121212,hospital
1513,0.151515,0.131313,restaurant
1514,0.151515,0.141414,hospital
1515,0.151515,0.151515,bank
1516,0.151515,0.161616,bank
1517,0.151515,0.171717,bank
1518,0.151515,0.181818,hospital
1519,0.151515,0.191919,bank
1520,0.151515,0.20202,bank
1521,0.151515,0.212121,bank
1522,0.151515,0.222222,bank
1523,0.151515,0.232323,pharmacy
1524,0.151515,0.242424,restaurant
1525,0.151515,0.252525,hospital
1526,0.151515,0.262626,pharmacy
1527,0.151515,0.272727,bank
1528,0.151515,0.282828,school
1529,0.151515,0.292929,bank
1530,0.151515,0.30303,hospital
1531,0.151515,0.313131,hospital
1532,0.151515,0.323232,hospital
1533,0.151515,0.333333,bank
1534,0.151515,0.343434,bank
1535,0.151515,0.353535,bank
1536,0.151515,0.363636,bank
1537,0.151515,0.373737,restaurant
1538,0.151515,0.383838,school
1539,0.151515,0.393939,bank
1540,0.151515,0.40404,hospital
1541,0.151515,0.414141,bank
1542,0.151515,0.424242,hospital
1543,0.151515,0.434343,restaurant
1544,0.151515,0.444444,restaurant
1545,0.151515,0.454545,restaurant
1546,0.151515,0.464646,school
1547,0.151515,0.474747,restaurant
1548,0.151515,0.484848,bank
1549,0.151515,0.494949,restaurant
1550,0.151515,0.505051,restaurant
1551,0.151515,0.515152,restaurant
1552,0.151515,0.525253,bank
1553,0.151515,0.535354,restaurant
1554,0.151515,0.545455,restaurant
1555,0.151515,0.555556,pharmacy
1556,0.151515,0.565657,pharmacy
1557,0.151515,0.575758,school
1558,0.151515,0.585859,restaurant
1559,0.151515,0.59596,pharmacy
1560,0.151515,0.606061,bank
1561,0.151515,0.616162,school
1562,0.151515,0.626263,bank
1563,0.151515,0.636364,school
1564,0.151515,0.646465,pharmacy
1565,0.151515,0.656566,bank
1566,0.151515,0.666667,restaurant
1567,0.151515,0.676768,school
1568,0.151515,0.686869,bank
1569,0.151515,0.69697,pharmacy
1570,0.151515,0.707071,pharmacy
1571,0.151515,0.717172,hospital
1572,0.151515,0.727273,bank
1573,0.151515,0.737374,pharmacy
1574,0.151515,0.747475,restaurant
1575,0.151515,0.757576,hospital
1576,0.151515,0.767677,school
1577,0.151515,0.777778,bank
1578,0.151515,0.787879,pharmacy
1579,0.151515,0.79798,hospital
1580,0.151515,0.808081,restaurant
1581,0.151515,0.818182,bank
1582,0.151515,0.828283,bank
1583,0.151515,0.838384,restaurant
1584,0.151515,0.848485,school
1585,0.151515,0.858586,bank
1586,0.151515,0.868687,school
1587,0.151515,0.878788,hospital
1588,0.151515,0.888889,school
1589,0.151515,0.89899,pharmacy
1590,0.151515,0.909091,restaurant
1591,0.151515,0.919192,pharmacy
1592,0.151515,0.929293,restaurant
1593,0.151515,0.939394,pharmacy
1594,0.151515,0.949495,hospital
1595,0.151515,0.959596,restaurant
1596,0.151515,0.969697,hospital
1597,0.151515,0.979798,hospital
1598,0.151515,0.989899,school
1599,0.151515,1.0,hospital
1600,0.161616,0.0,bank
1601,0.161616,0.010101,bank
1602,0.161616,0.020202,school
1603,0.161616,0.030303,pharmacy
1604,0.161616,0.040404,bank
1605,0.161616,0.050505,restaurant
1606,0.161616,0.060606,restaurant
1607,0.161616,0.070707,bank
1608,0.161616,0.080808,school
1609,0.161616,0.090909,school
1610,0.161616,0.10101,bank
1611,0.161616,0.111111,school
1612,0.161616,0.121212,bank
1613,0.161616,0.131313,restaurant
1614,0.161616,0.141414,hospital
1615,0.161616,0.151515,restaurant
1616,0.161616,0.161616,restaurant
1617,0.161616,0.171717,school
1618,0.161616,0.181818,pharmacy
1619,0.161616,0.191919,pharmacy
1620,0.161616,0.20202,hospital
1621,0.161616,0.212121,school
1622,0.161616,0.222222,hospital
1623,0.161616,0.232323,school
1624,0.161616,0.242424,hospital
1625,0.161616,0.252525,pharmacy
1626,0.161616,0.262626,pharmacy
1627,0.161616,0.272727,pharmacy
1628,0.161616,0.282828,bank
1629,0.161616,0.292929,restaurant
1630,0.161616,0.30303,pharmacy
1631,0.161616,0.313131,restaurant
1632,0.161616,0.323232,pharmacy
1633,0.161616,0.333333,hospital
1634,0.161616,0.343434,school
1635,0.161616,0.353535,pharmacy
1636,0.161616,0.363636,restaurant
1637,0.161616,0.373737,hospital
1638,0.161616,0.383838,school
1639,0.161616,0.393939,school
1640,0.161616,0.40404,restaurant
1641,0.161616,0.414141,pharmacy
1642,0.161616,0.424242,hospital
1643,0.161616,0.434343,hospital
1644,0.161616,0.444444,restaurant
1645,0.161616,0.454545,school
1646,0.161616,0.464646,hospital
1647,0.161616,0.474747,pharmacy
1648,0.161616,0.484848,hospital
1649,0.161616,0.494949,restaurant
1650,0.161616,0.505051,restaurant
1651,0.161616,0.515152,pharmacy
1652,0.161616,0.525253,hospital
1653,0.161616,0.535354,hospital
1654,0.161616,0.545455,hospital
1655,0.161616,0.555556,restaurant
1656,0.161616,0.565657,pharmacy
1657,0.161616,0.575758,pharmacy
1658,0.161616,0.585859,restaurant
1659,0.161616,0.59596,hospital
1660,0.161616,0.606061,hospital
1661,0.161616,0.616162,restaurant
1662,0.161616,0.626263,hospital
1663,0.161616,0.636364,restaurant
1664,0.161616,0.646465,bank
1665,0.161616,0.656566,hospital
1666,0.161616,0.666667,bank
1667,0.161616,0.676768,hospital
1668,0.161616,0.686869,school
1669,0.161616,0.69697,hospital
1670,0.161616,0.707071,hospital
1671,0.161616,0.717172,restaurant
1672,0.161616,0.727273,restaurant
1673,0.161616,0.737374,school
1674,0.161616,0.747475,restaurant
1675,0.161616,0.757576,hospital
1676,0.161616,0.767677,bank
1677,0.161616,0.777778,bank
1678,0.161616,0.787879,restaurant
1679,0.161616,0.79798,hospital
1680,0.161616,0.808081,school
1681,0.161616,0.818182,school
1682,0.161616,0.828283,bank
1683,0.161616,0.838384,bank
1684,0.161616,0.848485,school
1685,0.161616,0.858586,school
1686,0.161616,0.868687,hospital
1687,0.161616,0.878788,pharmacy
1688,0.161616,0.888889,restaurant
1689,0.161616,0.89899,school
1690,0.161616,0.909091,bank
1691,0.161616,0.919192,hospital
1692,0.161616,0.929293,restaurant
1693,0.161616,0.939394,pharmacy
1694,0.161616,0.949495,school
1695,0.161616,0.959596,bank
1696,0.161616,0.969697,hospital
1697,0.161616,0.979798,school
1698,0.161616,0.989899,pharmacy
1699,0.161616,1.0,pharmacy
1700,0.171717,0.0,school
1701,0.171717,0.010101,hospital
1702,0.171717,0.020202,pharmacy
1703,0.171717,0.030303,hospital
1704,0.171717,0.040404,hospital
1705,0.171717,0.050505,bank
1706,0.171717,0.060606,school
1707,0.171717,0.070707,school
1708,0.171717,0.080808,restaurant
1709,0.171717,0.090909,restaurant
1710,0.171717,0.10101,bank
1711,0.171717,0.111111,school
1712,0.171717,0.121212,hospital
1713,0.171717,0.131313,school
1714,0.171717,0.141414,hospital
1715,0.171717,0.151515,restaurant
1716,0.171717,0.161616,school
1717,0.171717,0.171717,school
1718,0.171717,0.181818,school
1719,0.171717,0.191919,bank
1720,0.171717,0.20202,pharmacy
1721,0.171717,0.212121,school
1722,0.171717,0.222222,pharmacy
1723,0.171717,0.232323,hospital
1724,0.171717,0.242424,restaurant
1725,0.171717,0.252525,bank
1726,0.171717,0.262626,school
1727,0.171717,0.272727,school
1728,0.171717,0.282828,bank
1729,0.171717,0.292929,bank
1730,0.171717,0.30303,restaurant
1731,0.171717,0.313131,pharmacy
1732,0.171717,0.323232,hospital
1733,0.171717,0.333333,hospital
1734,0.171717,0.343434,hospital
1735,0.171717,0.353535,pharmacy
1736,0.171717,0.363636,restaurant
1737,0.171717,0.373737,bank
1738,0.171717,0.383838,pharmacy
1739,0.171717,0.393939,school
1740,0.171717,0.40404,pharmacy
1741,0.171717,0.414141,hospital
1742,0.171717,0.424242,school
1743,0.171717,0.434343,pharmacy
1744,0.171717,0.444444,bank
1745,0.171717,0.454545,restaurant
1746,0.171717,0.464646,pharmacy
1747,0.171717,0.474747,restaurant
1748,0.171717,0.484848,school
1749,0.171717,0.494949,school
1750,0.171717,0.505051,hospital
1751,0.171717,0.515152,hospital
1752,0.171717,0.525253,school
1753,0.171717,0.535354,pharmacy
1754,0.171717,0.545455,bank
1755,0.171717,0.555556,pharmacy
1756,0.171717,0.565657,restaurant
1757,0.171717,0.575758,bank
1758,0.171717,0.585859,restaurant
1759,0.171717,0.59596,restaurant
1760,0.171717,0.606061,school
1761,0.171717,0.616162,school
1762,0.171717,0.626263,bank
1763,0.171717,0.636364,bank
1764,0.171717,0.646465,bank
1765,0.171717,0.656566,school
1766,0.171717,0.666667,school
1767,0.171717,0.676768,restaurant
1768,0.171717,0.686869,pharmacy
1769,0.171717,0.69697,restaurant
1770,0.171717,0.707071,bank
1771,0.171717,0.717172,hospital
1772,0.171717,0.727273,restaurant
1773,0.171717,0.737374,school
1774,0.171717,0.747475,pharmacy
1775,0.171717,0.757576,hospital
1776,0.171717,0.767677,school
1777,0.171717,0.777778,school
1778,0.171717,0.787879,hospital
1779,0.171717,0.79798,hospital
1780,0.171717,0.808081,hospital
1781,0.171717,0.818182,bank
1782,0.171717,0.828283,hospital
1783,0.171717,0.838384,school
1784,0.171717,0.848485,pharmacy
1785,0.171717,0.858586,hospital
1786,0.171717,0.868687,hospital
1787,0.171717,0.878788,restaurant
1788,0.171717,0.888889,school
1789,0.171717,0.89899,school
1790,0.171717,0.909091,restaurant
1791,0.171717,0.919192,pharmacy
1792,0.171717,0.929293,hospital
1793,0.171717,0.939394,school
1794,0.171717,0.949495,restaurant
1795,0.171717,0.959596,hospital
1796,0.171717,0.969697,restaurant
1797,0.171717,0.979798,school
1798,0.171717,0.989899,restaurant
1799,0.171717,1.0,school
1800,0.181818,0.0,hospital
1801,0.181818,0.010101,school
1802,0.181818,0.020202,bank
1803,0.181818,0.030303,restaurant
1804,0.181818,0.040404,restaurant
1805,0.181818,0.050505,hospital
1806,0.181818,0.060606,restaurant
1807,0.181818,0.070707,restaurant
1808,0.181818,0.080808,school
1809,0.181818,0.090909,school
1810,0.181818,0.10101,school
1811,0.181818,0.111111,pharmacy
1812,0.181818,0.121212,bank
1813,0.181818,0.131313,restaurant
1814,0.181818,0.141414,hospital
1815,0.181818,0.151515,restaurant
1816,0.181818,0.161616,school
1817,0.181818,0.171717,bank
1818,0.181818,0.181818,bank
1819,0.181818,0.191919,pharmacy
1820,0.181818,0.20202,restaurant
1821,0.181818,0.212121,hospital
1822,0.181818,0.222222,pharmacy
1823,0.181818,0.232323,restaurant
1824,0.181818,0.242424,pharmacy
1825,0.181818,0.252525,bank
1826,0.181818,0.262626,bank
1827,0.181818,0.272727,hospital
1828,0.181818,0.282828,bank
1829,0.181818,0.292929,restaurant
1830,0.181818,0.30303,restaurant
1831,0.181818,0.313131,pharmacy
1832,0.181818,0.323232,bank
1833,0.181818,0.333333,pharmacy
1834,0.181818,0.343434,hospital
1835,0.181818,0.353535,hospital
1836,0.181818,0.363636,hospital
1837,0.181818,0.373737,school
1838,0.181818,0.383838,restaurant
1839,0.181818,0.393939,hospital
1840,0.181818,0.40404,hospital
1841,0.181818,0.414141,school
1842,0.181818,0.424242,pharmacy
1843,0.181818,0.434343,hospital
1844,0.181818,0.444444,pharmacy
1845,0.181818,0.454545,pharmacy
1846,0.181818,0.464646,bank
1847,0.181818,0.474747,pharmacy
1848,0.181818,0.484848,restaurant
1849,0.181818,0.494949,hospital
1850,0.181818,0.505051,school
1851,0.181818,0.515152,hospital
1852,0.181818,0.525253,pharmacy
1853,0.181818,0.535354,bank
1854,0.181818,0.545455,school
1855,0.181818,0.555556,bank
1856,0.181818,0.565657,pharmacy
1857,0.181818,0.575758,bank
1858,0.181818,0.585859,restaurant
1859,0.181818,0.59596,school
1860,0.181818,0.606061,hospital
1861,0.181818,0.616162,hospital
1862,0.181818,0.626263,school
1863,0.181818,0.636364,school
1864,0.181818,0.646465,pharmacy
1865,0.181818,0.656566,bank
1866,0.181818,0.666667,school
1867,0.181818,0.676768,school
1868,0.181818,0.686869,hospital
1869,0.181818,0.69697,school
1870,0.181818,0.707071,hospital
1871,0.181818,0.717172,school
1872,0.181818,0.727273,hospital
1873,0.181818,0.737374,pharmacy
1874,0.181818,0.747475,pharmacy
1875,0.181818,0.757576,bank
1876,0.181818,0.767677,hospital
1877,0.181818,0.777778,restaurant
1878,0.181818,0.787879,school
1879,0.181818,0.79798,pharmacy
1880,0.181818,0.808081,school
1881,0.181818,0.818182,restaurant
1882,0.181818,0.828283,school
1883,0.181818,0.838384,restaurant
1884,0.181818,0.848485,school
1885,0.181818,0.858586,school
1886,0.181818,0.868687,bank
1887,0.181818,0.878788,hospital
1888,0.181818,0.888889,restaurant
1889,0.181818,0.89899,bank
1890,0.181818,0.909091,bank
1891,0.181818,0.919192,pharmacy
1892,0.181818,0.929293,bank
1893,0.181818,0.939394,restaurant
1894,0.181818,0.949495,bank
1895,0.181818,0.959596,pharmacy
1896,0.181818,0.969697,school
1897,0.181818,0.979798,school
1898,0.181818,0.989899,hospital
1899,0.181818,1.0,bank
1900,0.191919,0.0,hospital
1901,0.191919,0.010101,school
1902,0.191919,0.020202,hospital
1903,0.191919,0.030303,restaurant
1904,0.191919,0.040404,bank
1905,0.191919,0.050505,restaurant
1906,0.191919,0.060606,restaurant
1907,0.191919,0.070707,school
1908,0.191919,0.080808,pharmacy
1909,0.191919,0.090909,pharmacy
1910,0.191919,0.10101,hospital
1911,0.191919,0.111111,restaurant
1912,0.191919,0.121212,school
1913,0.191919,0.131313,restaurant
1914,0.191919,0.141414,school
1915,0.191919,0.151515,restaurant
1916,0.191919,0.161616,pharmacy
1917,0.191919,0.171717,bank
1918,0.191919,0.181818,restaurant
1919,0.191919,0.191919,restaurant
1920,0.191919,0.20202,restaurant
1921,0.191919,0.212121,school
1922,0.191919,0.222222,school
1923,0.191919,0.232323,restaurant
1924,0.191919,0.242424,pharmacy
1925,0.191919,0.252525,restaurant
1926,0.191919,0.262626,pharmacy
1927,0.191919,0.272727,restaurant
1928,0.191919,0.282828,hospital
1929,0.191919,0.292929,school
1930,0.191919,0.30303,bank
1931,0.191919,0.313131,restaurant
1932,0.191919,0.323232,hospital
1933,0.191919,0.333333,restaurant
1934,0.191919,0.343434,restaurant
1935,0.191919,0.353535,hospital
1936,0.191919,0.363636,pharmacy
1937,0.191919,0.373737,bank
1938,0.191919,0.383838,bank
1939,0.191919,0.393939,school
1940,0.191919,0.40404,pharmacy
1941,0.191919,0.414141,school
1942,0.191919,0.424242,pharmacy
1943,0.191919,0.434343,pharmacy
1944,0.191919,0.444444,bank
1945,0.191919,0.454545,school
1946,0.191919,0.464646,restaurant
1947,0.191919,0.474747,bank
1948,0.191919,0.484848,bank
1949,0.191919,0.494949,bank
1950,0.191919,0.505051,hospital
1951,0.191919,0.515152,school
1952,0.191919,0.525253,pharmacy
1953,0.191919,0.535354,bank
1954,0.191919,0.545455,pharmacy
1955,0.191919,0.555556,pharmacy
1956,0.191919,0.565657,pharmacy
1957,0.191919,0.575758,school
1958,0.191919,0.585859,pharmacy
1959,0.191919,0.59596,hospital
1960,0.191919,0.606061,pharmacy
1961,0.191919,0.616162,bank
1962,0.191919,0.626263,hospital
1963,0.191919,0.636364,bank
1964,0.191919,0.646465,school
1965,0.191919,0.656566,hospital
1966,0.191919,0.666667,bank
1967,0.191919,0.676768,hospital
1968,0.191919,0.686869,bank
1969,0.191919,0.69697,school
1970,0.191919,0.707071,bank
1971,0.191919,0.717172,bank
1972,0.191919,0.727273,restaurant
1973,0.191919,0.737374,hospital
1974,0.191919,0.747475,restaurant
1975,0.191919,0.757576,pharmacy
1976,0.191919,0.767677,restaurant
1977,0.191919,0.777778,restaurant
1978,0.191919,0.787879,hospital
1979,0.191919,0.79798,school
1980,0.191919,0.808081,bank
1981,0.191919,0.818182,restaurant
1982,0.191919,0.828283,bank
1983,0.191919,0.838384,school
1984,0.191919,0.848485,pharmacy
1985,0.191919,0.858586,pharmacy
1986,0.191919,0.868687,bank
1987,0.191919,0.878788,school
1988,0.191919,0.888889,pharmacy
1989,0.191919,0.89899,pharmacy
1990,0.191919,0.909091,bank
1991,0.191919,0.919192,bank
1992,0.191919,0.929293,school
1993,0.191919,0.939394,pharmacy
1994,0.191919,0.949495,school
1995,0.191919,0.959596,school
1996,0.191919,0.969697,bank
1997,0.191919,0.979798,bank
1998,0.191919,0.989899,school
1999,0.191919,1.0,pharmacy
2000,0.20202,0.0,pharmacy
2001,0.20202,0.010101,hospital
2002,0.20202,0.020202,school
2003,0.20202,0.030303,school
2004,0.20202,0.040404,pharmacy
2005,0.20202,0.050505,bank
2006,0.20202,0.060606,bank
2007,0.20202,0.070707,school
2008,0.20202,0.080808,hospital
2009,0.20202,0.090909,hospital
2010,0.20202,0.10101,bank
2011,0.20202,0.111111,school
2012,0.20202,0.121212,bank
2013,0.20202,0.131313,bank
2014,0.20202,0.141414,bank
2015,0.20202,0.151515,bank
2016,0.20202,0.161616,hospital
2017,0.20202,0.171717,bank
2018,0.20202,0.181818,hospital
2019,0.20202,0.191919,school
2020,0.20202,0.20202,bank
2021,0.20202,0.212121,restaurant
2022,0.20202,0.222222,pharmacy
2023,0.20202,0.232323,hospital
2024,0.20202,0.242424,school
2025,0.20202,0.252525,hospital
2026,0.20202,0.262626,bank
2027,0.20202,0.272727,restaurant
2028,0.20202,0.282828,hospital
2029,0.20202,0.292929,bank
2030,0.20202,0.30303,restaurant
2031,0.20202,0.313131,pharmacy
2032,0.20202,0.323232,school
2033,0.20202,0.333333,school
2034,0.20202,0.343434,restaurant
2035,0.20202,0.353535,bank
2036,0.20202,0.363636,bank
2037,0.20202,0.373737,bank
2038,0.20202,0.383838,bank
2039,0.20202,0.393939,bank
2040,0.20202,0.40404,pharmacy
2041,0.20202,0.414141,bank
2042,0.20202,0.424242,school
2043,0.20202,0.434343,restaurant
2044,0.20202,0.444444,restaurant
2045,0.20202,0.454545,pharmacy
2046,0.20202,0.464646,hospital
2047,0.20202,0.474747,school
2048,0.20202,0.484848,pharmacy
2049,0.20202,0.494949,bank
2050,0.20202,0.505051,restaurant
2051,0.20202,0.515152,restaurant
2052,0.20202,0.525253,pharmacy
2053,0.20202,0.535354,school
2054,0.20202,0.545455,school
2055,0.20202,0.555556,hospital
2056,0.20202,0.565657,hospital
2057,0.20202,0.575758,bank
2058,0.20202,0.585859,restaurant
2059,0.20202,0.59596,hospital
2060,0.20202,0.606061,school
2061,0.20202,0.616162,school
2062,0.20202,0.626263,school
2063,0.20202,0.636364,school
2064,0.20202,0.646465,restaurant
2065,0.20202,0.656566,pharmacy
2066,0.20202,0.666667,restaurant
2067,0.20202,0.676768,restaurant
2068,0.20202,0.686869,restaurant
2069,0.20202,0.69697,bank
2070,0.20202,0.707071,pharmacy
2071,0.20202,0.717172,pharmacy
2072,0.20202,0.727273,restaurant
2073,0.20202,0.737374,pharmacy
2074,0.20202,0.747475,bank
2075,0.20202,0.757576,hospital
2076,0.20202,0.767677,pharmacy
2077,0.20202,0.777778,restaurant
2078,0.20202,0.787879,pharmacy
2079,0.20202,0.79798,school
2080,0.20202,0.808081,hospital
2081,0.20202,0.818182,school
2082,0.20202,0.828283,school
2083,0.20202,0.838384,school
2084,0.20202,0.848485,pharmacy
2085,0.20202,0.858586,hospital
2086,0.20202,0.868687,school
2087,0.20202,0.878788,restaurant
2088,0.20202,0.888889,bank
2089,0.20202,0.89899,restaurant
2090,0.20202,0.909091,restaurant
2091,0.20202,0.919192,restaurant
2092,0.20202,0.929293,school
2093,0.20202,0.939394,hospital
2094,0.20202,0.949495,pharmacy
2095,0.20202,0.959596,bank
2096,0.20202,0.969697,restaurant
2097,0.20202,0.979798,hospital
2098,0.20202,0.989899,pharmacy
2099,0.20202,1.0,hospital
2100,0.212121,0.0,restaurant
2101,0.212121,0.010101,pharmacy
2102,0.212121,0.020202,school
2103,0.212121,0.030303,restaurant
2104,0.212121,0.040404,pharmacy
2105,0.212121,0.050505,bank
2106,0.212121,0.060606,pharmacy
2107,0.212121,0.070707,pharmacy
2108,0.212121,0.080808,school
2109,0.212121,0.090909,school
2110,0.212121,0.10101,hospital
2111,0.212121,0.111111,hospital
2112,0.212121,0.121212,restaurant
2113,0.212121,0.131313,pharmacy
2114,0.212121,0.141414,bank
2115,0.212121,0.151515,school
2116,0.212121,0.161616,school
2117,0.212121,0.171717,hospital
2118,0.212121,0.181818,restaurant
2119,0.212121,0.191919,pharmacy
2120,0.212121,0.20202,bank
2121,0.212121,0.212121,school
2122,0.212121,0.222222,school
2123,0.212121,0.232323,pharmacy
2124,0.212121,0.242424,bank
2125,0.212121,0.252525,pharmacy
2126,0.212121,0.262626,restaurant
2127,0.212121,0.272727,bank
2128,0.212121,0.282828,hospital
2129,0.212121,0.292929,school
2130,0.212121,0.30303,pharmacy
2131,0.212121,0.313131,pharmacy
2132,0.212121,0.323232,restaurant
2133,0.212121,0.333333,pharmacy
2134,0.212121,0.343434,restaurant
2135,0.212121,0.353535,school
2136,0.212121,0.363636,pharmacy
2137,0.212121,0.373737,pharmacy
2138,0.212121,0.383838,hospital
2139,0.212121,0.393939,hospital
2140,0.212121,0.40404,hospital
2141,0.212121,0.414141,hospital
2142,0.212121,0.424242,bank
2143,0.212121,0.434343,hospital
2144,0.212121,0.444444,restaurant
2145,0.212121,0.454545,restaurant
2146,0.212121,0.464646,pharmacy
2147,0.212121,0.474747,pharmacy
2148,0.212121,0.484848,restaurant
2149,0.212121,0.494949,school
2150,0.212121,0.505051,pharmacy
2151,0.212121,0.515152,hospital
2152,0.212121,0.525253,hospital
2153,0.212121,0.535354,bank
2154,0.212121,0.545455,school
2155,0.212121,0.555556,restaurant
2156,0.212121,0.565657,bank
2157,0.212121,0.575758,restaurant
2158,0.212121,0.585859,school
2159,0.212121,0.59596,bank
2160,0.212121,0.606061,hospital
2161,0.212121,0.616162,restaurant
2162,0.212121,0.626263,pharmacy
2163,0.212121,0.636364,bank
2164,0.212121,0.646465,restaurant
2165,0.212121,0.656566,restaurant
2166,0.212121,0.666667,pharmacy
2167,0.212121,0.676768,pharmacy
2168,0.212121,0.686869,bank
2169,0.212121,0.69697,bank
2170,0.212121,0.707071,bank
2171,0.212121,0.717172,hospital
2172,0.212121,0.727273,pharmacy
2173,0.212121,0.737374,school
2174,0.212121,0.747475,pharmacy
2175,0.212121,0.757576,pharmacy
2176,0.212121,0.767677,hospital
2177,0.212121,0.777778,restaurant
2178,0.212121,0.787879,restaurant
2179,0.212121,0.79798,school
2180,0.212121,0.808081,bank
2181,0.212121,0.818182,school
2182,0.212121,0.828283,pharmacy
2183,0.212121,0.838384,pharmacy
2184,0.212121,0.848485,hospital
2185,0.212121,0.858586,restaurant
2186,0.212121,0.868687,bank
2187,0.212121,0.878788,restaurant
2188,0.212121,0.888889,hospital
2189,0.212121,0.89899,hospital
2190,0.212121,0.909091,school
2191,0.212121,0.919192,bank
2192,0.212121,0.929293,bank
2193,0.212121,0.939394,bank
2194,0.212121,0.949495,bank
2195,0.212121,0.959596,pharmacy
2196,0.212121,0.969697,restaurant
2197,0.212121,0.979798,school
2198,0.212121,0.989899,school
2199,0.212121,1.0,bank
2200,0.222222,0.0,pharmacy
2201,0.222222,0.010101,school
2202,0.222222,0.020202,bank
2203,0.222222,0.030303,bank
2204,0.222222,0.040404,restaurant
2205,0.222222,0.050505,restaurant
2206,0.222222,0.060606,pharmacy
2207,0.222222,0.070707,hospital
2208,0.222222,0.080808,bank
2209,0.222222,0.090909,pharmacy
2210,0.222222,0.10101,school
2211,0.222222,0.111111,hospital
2212,0.222222,0.121212,school
2213,0.222222,0.131313,hospital
2214,0.222222,0.141414,restaurant
2215,0.222222,0.151515,hospital
2216,0.222222,0.161616,hospital
2217,0.222222,0.171717,hospital
2218,0.222222,0.181818,bank
2219,0.222222,0.191919,restaurant
2220,0.222222,0.20202,restaurant
2221,0.222222,0.212121,bank
2222,0.222222,0.222222,pharmacy
2223,0.222222,0.232323,bank
2224,0.222222,0.242424,bank
2225,0.222222,0.252525,restaurant
2226,0.222222,0.262626,pharmacy
2227,0.222222,0.272727,school
2228,0.222222,0.282828,bank
2229,0.222222,0.292929,bank
2230,0.222222,0.30303,hospital
2231,0.222222,0.313131,restaurant
2232,0.222222,0.323232,bank
2233,0.222222,0.333333,hospital
2234,0.222222,0.343434,restaurant
2235,0.222222,0.353535,pharmacy
2236,0.222222,0.363636,pharmacy
2237,0.222222,0.373737,school
2238,0.222222,0.383838,bank
2239,0.222222,0.393939,school
2240,0.222222,0.40404,restaurant
2241,0.222222,0.414141,restaurant
2242,0.222222,0.424242,restaurant
2243,0.222222,0.434343,school
2244,0.222222,0.444444,bank
2245,0.222222,0.454545,restaurant
2246,0.222222,0.464646,school
2247,0.222222,0.474747,school
2248,0.222222,0.484848,hospital
2249,0.222222,0.494949,school
2250,0.222222,0.505051,hospital
2251,0.222222,0.515152,hospital
2252,0.222222,0.525253,bank
2253,0.222222,0.535354,school
2254,0.222222,0.545455,hospital
2255,0.222222,0.555556,bank
2256,0.222222,0.565657,hospital
2257,0.222222,0.575758,hospital
2258,0.222222,0.585859,bank
2259,0.222222,0.59596,pharmacy
2260,0.222222,0.606061,restaurant
2261,0.222222,0.616162,hospital
2262,0.222222,0.626263,school
2263,0.222222,0.636364,bank
2264,0.222222,0.646465,school
2265,0.222222,0.656566,bank
2266,0.222222,0.666667,bank
2267,0.222222,0.676768,school
2268,0.222222,0.686869,restaurant
2269,0.222222,0.69697,restaurant
2270,0.222222,0.707071,hospital
2271,0.222222,0.717172,school
2272,0.222222,0.727273,bank
2273,0.222222,0.737374,restaurant
2274,0.222222,0.747475,hospital
2275,0.222222,0.757576,restaurant
2276,0.222222,0.767677,hospital
2277,0.222222,0.777778,bank
2278,0.222222,0.787879,hospital
2279,0.222222,0.79798,school
2280,0.222222,0.808081,pharmacy
2281,0.222222,0.818182,hospital
2282,0.222222,0.828283,school
2283,0.222222,0.838384,hospital
2284,0.222222,0.848485,restaurant
2285,0.222222,0.858586,school
2286,0.222222,0.868687,school
2287,0.222222,0.878788,hospital
2288,0.222222,0.888889,hospital
2289,0.222222,0.89899,bank
2290,0.222222,0.909091,restaurant
2291,0.222222,0.919192,pharmacy
2292,0.222222,0.929293,restaurant
2293,0.222222,0.939394,restaurant
2294,0.222222,0.949495,hospital
2295,0.222222,0.959596,restaurant
2296,0.222222,0.969697,school
2297,0.222222,0.979798,bank
2298,0.222222,0.989899,restaurant
2299,0.222222,1.0,school
2300,0.232323,0.0,school
2301,0.232323,0.010101,bank
2302,0.232323,0.020202,hospital
2303,0.232323,0.030303,pharmacy
2304,0.232323,0.040404,bank
2305,0.232323,0.050505,hospital
2306,0.232323,0.060606,pharmacy
2307,0.232323,0.070707,school
2308,0.232323,0.080808,restaurant
2309,0.232323,0.090909,bank
2310,0.232323,0.10101,restaurant
2311,0.232323,0.111111,hospital
2312,0.232323,0.121212,restaurant
2313,0.232323,0.131313,school
2314,0.232323,0.141414,restaurant
2315,0.232323,0.151515,hospital
2316,0.232323,0.161616,hospital
2317,0.232323,0.171717,bank
2318,0.232323,0.181818,school
2319,0.232323,0.191919,restaurant
2320,0.232323,0.20202,school
2321,0.232323,0.212121,hospital
2322,0.232323,0.222222,bank
2323,0.232323,0.232323,restaurant
2324,0.232323,0.242424,hospital
2325,0.232323,0.252525,bank
2326,0.232323,0.262626,school
2327,0.232323,0.272727,pharmacy
2328,0.232323,0.282828,restaurant
2329,0.232323,0.292929,pharmacy
2330,0.232323,0.30303,hospital
2331,0.232323,0.313131,school
2332,0.232323,0.323232,bank
2333,0.232323,0.333333,pharmacy
2334,0.232323,0.343434,restaurant
2335,0.232323,0.353535,hospital
2336,0.232323,0.363636,restaurant
2337,0.232323,0.373737,school
2338,0.232323,0.383838,bank
2339,0.232323,0.393939,school
2340,0.232323,0.40404,hospital
2341,0.232323,0.414141,restaurant
2342,0.232323,0.424242,pharmacy
2343,0.232323,0.434343,hospital
2344,0.232323,0.444444,hospital
2345,0.232323,0.454545,hospital
2346,0.232323,0.464646,pharmacy
2347,0.232323,0.474747,hospital
2348,0.232323,0.484848,hospital
2349,0.232323,0.494949,hospital
2350,0.232323,0.505051,pharmacy
2351,0.232323,0.515152,bank
2352,0.232323,0.525253,bank
2353,0.232323,0.535354,pharmacy
2354,0.232323,0.545455,school
2355,0.232323,0.555556,restaurant
2356,0.232323,0.565657,hospital
2357,0.232323,0.575758,hospital
2358,0.232323,0.585859,hospital
2359,0.232323,0.59596,pharmacy
2360,0.232323,0.606061,hospital
2361,0.232323,0.616162,pharmacy
2362,0.232323,0.626263,restaurant
2363,0.232323,0.636364,hospital
2364,0.232323,0.646465,bank
2365,0.232323,0.656566,bank
2366,0.232323,0.666667,pharmacy
2367,0.232323,0.676768,school
2368,0.232323,0.686869,bank
2369,0.232323,0.69697,pharmacy
2370,0.232323,0.707071,restaurant
2371,0.232323,0.717172,restaurant
2372,0.232323,0.727273,restaurant
2373,0.232323,0.737374,school
2374,0.232323,0.747475,bank
2375,0.232323,0.757576,bank
2376,0.232323,0.767677,school
2377,0.232323,0.777778,school
2378,0.232323,0.787879,hospital
2379,0.232323,0.79798,restaurant
2380,0.232323,0.808081,hospital
2381,0.232323,0.818182,hospital
2382,0.232323,0.828283,pharmacy
2383,0.232323,0.838384,restaurant
2384,0.232323,0.848485,bank
2385,0.232323,0.858586,hospital
2386,0.232323,0.868687,restaurant
2387,0.232323,0.878788,pharmacy
2388,0.232323,0.888889,pharmacy
2389,0.232323,0.89899,bank
2390,0.232323,0.909091,restaurant
2391,0.232323,0.919192,pharmacy
2392,0.232323,0.929293,school
2393,0.232323,0.939394,pharmacy
2394,0.232323,0.949495,bank
2395,0.232323,0.959596,bank
2396,0.232323,0.969697,restaurant
2397,0.232323,0.979798,hospital
2398,0.232323,0.989899,restaurant
2399,0.232323,1.0,school
2400,0.242424,0.0,pharmacy
2401,0.242424,0.010101,bank
2402,0.242424,0.020202,restaurant
2403,0.242424,0.030303,bank
2404,0.242424,0.040404,school
2405,0.242424,0.050505,school
2406,0.242424,0.060606,pharmacy
2407,0.242424,0.070707,bank
2408,0.242424,0.080808,pharmacy
2409,0.242424,0.090909,pharmacy
2410,0.242424,0.10101,hospital
2411,0.242424,0.111111,bank
2412,0.242424,0.121212,hospital
2413,0.242424,0.131313,bank
2414,0.242424,0.141414,hospital
2415,0.242424,0.151515,pharmacy
2416,0.242424,0.161616,hospital
2417,0.242424,0.171717,hospital
2418,0.242424,0.181818,bank
2419,0.242424,0.191919,restaurant
2420,0.242424,0.20202,restaurant
2421,0.242424,0.212121,pharmacy
2422,0.242424,0.222222,bank
2423,0.242424,0.232323,bank
2424,0.242424,0.242424,bank
2425,0.242424,0.252525,hospital
2426,0.242424,0.262626,restaurant
2427,0.242424,0.272727,bank
2428,0.242424,0.282828,pharmacy
2429,0.242424,0.292929,pharmacy
2430,0.242424,0.30303,school
2431,0.242424,0.313131,pharmacy
2432,0.242424,0.323232,hospital
2433,0.242424,0.333333,school
2434,0.242424,0.343434,bank
2435,0.242424,0.353535,restaurant
2436,0.242424,0.363636,bank
2437,0.242424,0.373737,hospital
2438,0.242424,0.383838,bank
2439,0.242424,0.393939,restaurant
2440,0.242424,0.40404,bank
2441,0.242424,0.414141,school
2442,0.242424,0.424242,school
2443,0.242424,0.434343,pharmacy
2444,0.242424,0.444444,pharmacy
2445,0.242424,0.454545,restaurant
2446,0.242424,0.464646,bank
2447,0.242424,0.474747,bank
2448,0.242424,0.484848,bank
2449,0.242424,0.494949,school
2450,0.242424,0.505051,hospital
2451,0.242424,0.515152,pharmacy
2452,0.242424,0.525253,pharmacy
2453,0.242424,0.535354,hospital
2454,0.242424,0.545455,hospital
2455,0.242424,0.555556,hospital
2456,0.242424,0.565657,pharmacy
2457,0.242424,0.575758,school
2458,0.242424,0.585859,school
2459,0.242424,0.59596,hospital
2460,0.242424,0.606061,bank
2461,0.242424,0.616162,school
2462,0.242424,0.626263,school
2463,0.242424,0.636364,pharmacy
2464,0.242424,0.646465,pharmacy
2465,0.242424,0.656566,pharmacy
2466,0.242424,0.666667,bank
2467,0.242424,0.676768,school
2468,0.242424,0.686869,bank
2469,0.242424,0.69697,restaurant
2470,0.242424,0.707071,restaurant
2471,0.242424,0.717172,school
2472,0.242424,0.727273,hospital
2473,0.242424,0.737374,restaurant
2474,0.242424,0.747475,school
2475,0.242424,0.757576,pharmacy
2476,0.242424,0.767677,restaurant
2477,0.242424,0.777778,school
2478,0.242424,0.787879,pharmacy
2479,0.242424,0.79798,bank
2480,0.242424,0.808081,restaurant
2481,0.242424,0.818182,pharmacy
2482,0.242424,0.828283,hospital
2483,0.242424,0.838384,restaurant
2484,0.242424,0.848485,hospital
2485,0.242424,0.858586,school
2486,0.242424,0.868687,bank
2487,0.242424,0.878788,restaurant
2488,0.242424,0.888889,bank
2489,0.242424,0.89899,pharmacy
2490,0.242424,0.909091,hospital
2491,0.242424,0.919192,bank
2492,0.242424,0.929293,restaurant
2493,0.242424,0.939394,school
2494,0.242424,0.949495,hospital
2495,0.242424,0.959596,pharmacy
2496,0.242424,0.969697,bank
2497,0.242424,0.979798,hospital
2498,0.242424,0.989899,hospital
2499,0.242424,1.0,school
2500,0.252525,0.0,school
2501,0.252525,0.010101,school
2502,0.252525,0.020202,bank
2503,0.252525,0.030303,bank
2504,0.252525,0.040404,bank
2505,0.252525,0.050505,pharmacy
2506,0.252525,0.060606,restaurant
2507,0.252525,0.070707,pharmacy
2508,0.252525,0.080808,restaurant
2509,0.252525,0.090909,pharmacy
2510,0.252525,0.10101,bank
2511,0.252525,0.111111,pharmacy
2512,0.252525,0.121212,bank
2513,0.252525,0.131313,restaurant
2514,0.252525,0.141414,bank
2515,0.252525,0.151515,pharmacy
2516,0.252525,0.161616,bank
2517,0.252525,0.171717,school
2518,0.252525,0.181818,hospital
2519,0.252525,0.191919,bank
2520,0.252525,0.20202,restaurant
2521,0.252525,0.212121,bank
2522,0.252525,0.222222,restaurant
2523,0.252525,0.232323,restaurant
2524,0.252525,0.242424,hospital
2525,0.252525,0.252525,bank
2526,0.252525,0.262626,bank
2527,0.252525,0.272727,pharmacy
2528,0.252525,0.282828,pharmacy
2529,0.252525,0.292929,restaurant
2530,0.252525,0.30303,bank
2531,0.252525,0.313131,school
2532,0.252525,0.323232,pharmacy
2533,0.252525,0.333333,pharmacy
2534,0.252525,0.343434,hospital
2535,0.252525,0.353535,school
2536,0.252525,0.363636,bank
2537,0.252525,0.373737,pharmacy
2538,0.252525,0.383838,hospital
2539,0.252525,0.393939,restaurant
2540,0.252525,0.40404,school
2541,0.252525,0.414141,pharmacy
2542,0.252525,0.424242,restaurant
2543,0.252525,0.434343,restaurant
2544,0.252525,0.444444,hospital
2545,0.252525,0.454545,bank
2546,0.252525,0.464646,pharmacy
2547,0.252525,0.474747,restaurant
2548,0.252525,0.484848,school
2549,0.252525,0.494949,pharmacy
2550,0.252525,0.505051,pharmacy
2551,0.252525,0.515152,hospital
2552,0.252525,0.525253,school
2553,0.252525,0.535354,hospital
2554,0.252525,0.545455,pharmacy
2555,0.252525,0.555556,restaurant
2556,0.252525,0.565657,school
2557,0.252525,0.575758,pharmacy
2558,0.252525,0.585859,restaurant
2559,0.252525,0.59596,pharmacy
2560,0.252525,0.606061,school
2561,0.252525,0.616162,school
2562,0.252525,0.626263,restaurant
2563,0.252525,0.636364,bank
2564,0.252525,0.646465,hospital
2565,0.252525,0.656566,restaurant
2566,0.252525,0.666667,hospital
2567,0.252525,0.676768,hospital
2568,0.252525,0.686869,pharmacy
2569,0.252525,0.69697,pharmacy
2570,0.252525,0.707071,school
2571,0.252525,0.717172,pharmacy
2572,0.252525,0.727273,school
2573,0.252525,0.737374,bank
2574,0.252525,0.747475,restaurant
2575,0.252525,0.757576,hospital
2576,0.252525,0.767677,hospital
2577,0.252525,0.777778,restaurant
2578,0.252525,0.787879,pharmacy
2579,0.252525,0.79798,restaurant
2580,0.252525,0.808081,school
2581,0.252525,0.818182,restaurant
2582,0.252525,0.828283,restaurant
2583,0.252525,0.838384,hospital
2584,0.252525,0.848485,restaurant
2585,0.252525,0.858586,bank
2586,0.252525,0.868687,bank
2587,0.252525,0.878788,hospital
2588,0.252525,0.888889,pharmacy
2589,0.252525,0.89899,bank
2590,0.252525,0.909091,pharmacy
2591,0.252525,0.919192,restaurant
2592,0.252525,0.929293,school
2593,0.252525,0.939394,bank
2594,0.252525,0.949495,pharmacy
2595,0.252525,0.959596,school
2596,0.252525,0.969697,school
2597,0.252525,0.979798,restaurant
2598,0.252525,0.989899,bank
2599,0.252525,1.0,pharmacy
2600,0.262626,0.0,hospital
2601,0.262626,0.010101,hospital
2602,0.262626,0.020202,school
2603,0.262626,0.030303,restaurant
2604,0.262626,0.040404,restaurant
2605,0.262626,0.050505,hospital
2606,0.262626,0.060606,hospital
2607,0.262626,0.070707,pharmacy
2608,0.262626,0.080808,pharmacy
2609,0.262626,0.090909,restaurant
2610,0.262626,0.10101,pharmacy
2611,0.262626,0.111111,bank
2612,0.262626,0.121212,school
2613,0.262626,0.131313,restaurant
2614,0.262626,0.141414,hospital
2615,0.262626,0.151515,school
2616,0.262626,0.161616,bank
2617,0.262626,0.171717,bank
2618,0.262626,0.181818,school
2619,0.262626,0.191919,pharmacy
2620,0.262626,0.20202,pharmacy
2621,0.262626,0.212121,bank
2622,0.262626,0.222222,school
2623,0.262626,0.232323,school
2624,0.262626,0.242424,pharmacy
2625,0.262626,0.252525,hospital
2626,0.262626,0.262626,school
2627,0.262626,0.272727,restaurant
2628,0.262626,0.282828,pharmacy
2629,0.262626,0.292929,pharmacy
2630,0.262626,0.30303,bank
2631,0.262626,0.313131,school
2632,0.262626,0.323232,school
2633,0.262626,0.333333,school
2634,0.262626,0.343434,restaurant
2635,0.262626,0.353535,restaurant
2636,0.262626,0.363636,restaurant
2637,0.262626,0.373737,restaurant
2638,0.262626,0.383838,school
2639,0.262626,0.393939,pharmacy
2640,0.262626,0.40404,pharmacy
2641,0.262626,0.414141,pharmacy
2642,0.262626,0.424242,school
2643,0.262626,0.434343,restaurant
2644,0.262626,0.444444,bank
2645,0.262626,0.454545,school
2646,0.262626,0.464646,school
2647,0.262626,0.474747,school
2648,0.262626,0.484848,restaurant
2649,0.262626,0.494949,hospital
2650,0.262626,0.505051,pharmacy
2651,0.262626,0.515152,restaurant
2652,0.262626,0.525253,hospital
2653,0.262626,0.535354,school
2654,0.262626,0.545455,pharmacy
2655,0.262626,0.555556,school
2656,0.262626,0.565657,pharmacy
2657,0.262626,0.575758,hospital
2658,0.262626,0.585859,bank
2659,0.262626,0.59596,restaurant
2660,0.262626,0.606061,restaurant
2661,0.262626,0.616162,pharmacy
2662,0.262626,0.626263,hospital
2663,0.262626,0.636364,restaurant
2664,0.262626,0.646465,hospital
2665,0.262626,0.656566,school
2666,0.262626,0.666667,bank
2667,0.262626,0.676768,bank
2668,0.262626,0.686869,bank
2669,0.262626,0.69697,restaurant
2670,0.262626,0.707071,pharmacy
2671,0.262626,0.717172,school
2672,0.262626,0.727273,restaurant
2673,0.262626,0.737374,pharmacy
2674,0.262626,0.747475,restaurant
2675,0.262626,0.757576,pharmacy
2676,0.262626,0.767677,pharmacy
2677,0.262626,0.777778,school
2678,0.262626,0.787879,pharmacy
2679,0.262626,0.79798,pharmacy
2680,0.262626,0.808081,school
2681,0.262626,0.818182,school
2682,0.262626,0.828283,school
2683,0.262626,0.838384,restaurant
2684,0.262626,0.848485,bank
2685,0.262626,0.858586,pharmacy
2686,0.262626,0.868687,restaurant
2687,0.262626,0.878788,school
2688,0.262626,0.888889,bank
2689,0.262626,0.89899,bank
2690,0.262626,0.909091,pharmacy
2691,0.262626,0.919192,hospital
2692,0.262626,0.929293,bank
2693,0.262626,0.939394,school
2694,0.262626,0.949495,restaurant
2695,0.262626,0.959596,pharmacy
2696,0.262626,0.969697,school
2697,0.262626,0.979798,pharmacy
2698,0.262626,0.989899,pharmacy
2699,0.262626,1.0,hospital
2700,0.272727,0.0,hospital
2701,0.272727,0.010101,school
2702,0.272727,0.020202,school
2703,0.272727,0.030303,school
2704,0.272727,0.040404,school
2705,0.272727,0.050505,pharmacy
2706,0.272727,0.060606,pharmacy
2707,0.272727,0.070707,restaurant
2708,0.272727,0.080808,pharmacy
2709,0.272727,0.090909,bank
2710,0.272727,0.10101,hospital
2711,0.272727,0.111111,restaurant
2712,0.272727,0.121212,restaurant
2713,0.272727,0.131313,restaurant
2714,0.272727,0.141414,bank
2715,0.272727,0.151515,restaurant
2716,0.272727,0.161616,pharmacy
2717,0.272727,0.171717,hospital
2718,0.272727,0.181818,bank
2719,0.272727,0.191919,restaurant
2720,0.272727,0.20202,restaurant
2721,0.272727,0.212121,pharmacy
2722,0.272727,0.222222,school
2723,0.272727,0.232323,hospital
2724,0.272727,0.242424,pharmacy
2725,0.272727,0.252525,restaurant
2726,0.272727,0.262626,pharmacy
2727,0.272727,0.272727,hospital
2728,0.272727,0.282828,pharmacy
2729,0.272727,0.292929,hospital
2730,0.272727,0.30303,school
2731,0.272727,0.313131,hospital
2732,0.272727,0.323232,bank
2733,0.272727,0.333333,pharmacy
2734,0.272727,0.343434,pharmacy
2735,0.272727,0.353535,bank
2736,0.272727,0.363636,restaurant
2737,0.272727,0.373737,pharmacy
2738,0.272727,0.383838,bank
2739,0.272727,0.393939,school
2740,0.272727,0.40404,bank
2741,0.272727,0.414141,bank
2742,0.272727,0.424242,restaurant
2743,0.272727,0.434343,pharmacy
2744,0.272727,0.444444,bank
2745,0.272727,0.454545,restaurant
2746,0.272727,0.464646,school
2747,0.272727,0.474747,bank
2748,0.272727,0.484848,pharmacy
2749,0.272727,0.494949,bank
2750,0.272727,0.505051,bank
2751,0.272727,0.515152,hospital
2752,0.272727,0.525253,hospital
2753,0.272727,0.535354,school
2754,0.272727,0.545455,pharmacy
2755,0.272727,0.555556,pharmacy
2756,0.272727,0.565657,restaurant
2757,0.272727,0.575758,pharmacy
2758,0.272727,0.585859,pharmacy
2759,0.272727,0.59596,hospital
2760,0.272727,0.606061,pharmacy
2761,0.272727,0.616162,hospital
2762,0.272727,0.626263,school
2763,0.272727,0.636364,pharmacy
2764,0.272727,0.646465,bank
2765,0.272727,0.656566,hospital
2766,0.272727,0.666667,hospital
2767,0.272727,0.676768,pharmacy
2768,0.272727,0.686869,pharmacy
2769,0.272727,0.69697,bank
2770,0.272727,0.707071,bank
2771,0.272727,0.717172,bank
2772,0.272727,0.727273,bank
2773,0.272727,0.737374,hospital
2774,0.272727,0.747475,pharmacy
2775,0.272727,0.757576,school
2776,0.272727,0.767677,school
2777,0.272727,0.777778,pharmacy
2778,0.272727,0.787879,school
2779,0.272727,0.79798,bank
2780,0.272727,0.808081,bank
2781,0.272727,0.818182,pharmacy
2782,0.272727,0.828283,restaurant
2783,0.272727,0.838384,hospital
2784,0.272727,0.848485,hospital
2785,0.272727,0.858586,restaurant
2786,0.272727,0.868687,restaurant
2787,0.272727,0.878788,hospital
2788,0.272727,0.888889,bank
2789,0.272727,0.89899,restaurant
2790,0.272727,0.909091,bank
2791,0.272727,0.919192,pharmacy
2792,0.272727,0.929293,bank
2793,0.272727,0.939394,restaurant
2794,0.272727,0.949495,hospital
2795,0.272727,0.959596,school
2796,0.272727,0.969697,pharmacy
2797,0.272727,0.979798,school
2798,0.272727,0.989899,bank
2799,0.272727,1.0,bank
2800,0.282828,0.0,hospital
2801,0.282828,0.010101,school
2802,0.282828,0.020202,pharmacy
2803,0.282828,0.030303,bank
2804,0.282828,0.040404,school
2805,0.282828,0.050505,bank
2806,0.282828,0.060606,pharmacy
2807,0.282828,0.070707,hospital
2808,0.282828,0.080808,hospital
2809,0.282828,0.090909,hospital
2810,0.282828,0.10101,bank
2811,0.282828,0.111111,hospital
2812,0.282828,0.121212,pharmacy
2813,0.282828,0.131313,hospital
2814,0.282828,0.141414,restaurant
2815,0.282828,0.151515,bank
2816,0.282828,0.161616,school
2817,0.282828,0.171717,restaurant
2818,0.282828,0.181818,school
2819,0.282828,0.191919,pharmacy
2820,0.282828,0.20202,restaurant
2821,0.282828,0.212121,school
2822,0.282828,0.222222,bank
2823,0.282828,0.232323,hospital
2824,0.282828,0.242424,school
2825,0.282828,0.252525,pharmacy
2826,0.282828,0.262626,hospital
2827,0.282828,0.272727,school
2828,0.282828,0.282828,restaurant
2829,0.282828,0.292929,school
2830,0.282828,0.30303,school
2831,0.282828,0.313131,bank
2832,0.282828,0.323232,hospital
2833,0.282828,0.333333,bank
2834,0.282828,0.343434,hospital
2835,0.282828,0.353535,hospital
2836,0.282828,0.363636,restaurant
2837,0.282828,0.373737,school
2838,0.282828,0.383838,hospital
2839,0.282828,0.393939,bank
2840,0.282828,0.40404,restaurant
2841,0.282828,0.414141,school
2842,0.282828,0.424242,pharmacy
2843,0.282828,0.434343,restaurant
2844,0.282828,0.444444,bank
2845,0.282828,0.454545,restaurant
2846,0.282828,0.464646,pharmacy
2847,0.282828,0.474747,school
2848,0.282828,0.484848,restaurant
2849,0.282828,0.494949,school
2850,0.282828,0.505051,bank
2851,0.282828,0.515152,bank
2852,0.282828,0.525253,school
2853,0.282828,0.535354,restaurant
2854,0.282828,0.545455,pharmacy
2855,0.282828,0.555556,hospital
2856,0.282828,0.565657,school
2857,0.282828,0.575758,hospital
2858,0.282828,0.585859,school
2859,0.282828,0.59596,restaurant
2860,0.282828,0.606061,restaurant
2861,0.282828,0.616162,hospital
2862,0.282828,0.626263,school
2863,0.282828,0.636364,bank
2864,0.282828,0.646465,restaurant
2865,0.282828,0.656566,bank
2866,0.282828,0.666667,restaurant
2867,0.282828,0.676768,hospital
2868,0.282828,0.686869,hospital
2869,0.282828,0.69697,hospital
2870,0.282828,0.707071,bank
2871,0.282828,0.717172,hospital
2872,0.282828,0.727273,restaurant
2873,0.282828,0.737374,pharmacy
2874,0.282828,0.747475,hospital
2875,0.282828,0.757576,pharmacy
2876,0.282828,0.767677,school
2877,0.282828,0.777778,school
2878,0.282828,0.787879,hospital
2879,0.282828,0.79798,hospital
2880,0.282828,0.808081,restaurant
2881,0.282828,0.818182,restaurant
2882,0.282828,0.828283,hospital
2883,0.282828,0.838384,school
2884,0.282828,0.848485,school
2885,0.282828,0.858586,pharmacy
2886,0.282828,0.868687,hospital
2887,0.282828,0.878788,restaurant
2888,0.282828,0.888889,school
2889,0.282828,0.89899,pharmacy
2890,0.282828,0.909091,hospital
2891,0.282828,0.919192,hospital
2892,0.282828,0.929293,school
2893,0.282828,0.939394,hospital
2894,0.282828,0.949495,restaurant
2895,0.282828,0.959596,pharmacy
2896,0.282828,0.969697,school
2897,0.282828,0.979798,pharmacy
2898,0.282828,0.989899,restaurant
2899,0.282828,1.0,pharmacy
2900,0.292929,0.0,hospital
2901,0.292929,0.010101,school
2902,0.292929,0.020202,pharmacy
2903,0.292929,0.030303,pharmacy
2904,0.292929,0.040404,hospital
2905,0.292929,0.050505,hospital
2906,0.292929,0.060606,bank
2907,0.292929,0.070707,pharmacy
2908,0.292929,0.080808,bank
2909,0.292929,0.090909,pharmacy
2910,0.292929,0.10101,restaurant
2911,0.292929,0.111111,school
2912,0.292929,0.121212,bank
2913,0.292929,0.131313,pharmacy
2914,0.292929,0.141414,hospital
2915,0.292929,0.151515,restaurant
2916,0.292929,0.161616,bank
2917,0.292929,0.171717,school
2918,0.292929,0.181818,bank
2919,0.292929,0.191919,hospital
2920,0.292929,0.20202,hospital
2921,0.292929,0.212121,restaurant
2922,0.292929,0.222222,hospital
2923,0.292929,0.232323,bank
2924,0.292929,0.242424,bank
2925,0.292929,0.252525,pharmacy
2926,0.292929,0.262626,restaurant
2927,0.292929,0.272727,pharmacy
2928,0.292929,0.282828,restaurant
2929,0.292929,0.292929,hospital
2930,0.292929,0.30303,bank
2931,0.292929,0.313131,restaurant
2932,0.292929,0.323232,bank
2933,0.292929,0.333333,hospital
2934,0.292929,0.343434,restaurant
2935,0.292929,0.353535,hospital
2936,0.292929,0.363636,school
2937,0.292929,0.373737,restaurant
2938,0.292929,0.383838,restaurant
2939,0.292929,0.393939,school
2940,0.292929,0.40404,school
2941,0.292929,0.414141,hospital
2942,0.292929,0.424242,restaurant
2943,0.292929,0.434343,hospital
2944,0.292929,0.444444,bank
2945,0.292929,0.454545,restaurant
2946,0.292929,0.464646,restaurant
2947,0.292929,0.474747,school
2948,0.292929,0.484848,bank
2949,0.292929,0.494949,school
2950,0.292929,0.505051,hospital
2951,0.292929,0.515152,school
2952,0.292929,0.525253,restaurant
2953,0.292929,0.535354,bank
2954,0.292929,0.545455,hospital
2955,0.292929,0.555556,restaurant
2956,0.292929,0.565657,bank
2957,0.292929,0.575758,restaurant
2958,0.292929,0.585859,pharmacy
2959,0.292929,0.59596,hospital
2960,0.292929,0.606061,bank
2961,0.292929,0.616162,school
2962,0.292929,0.626263,bank
2963,0.292929,0.636364,pharmacy
2964,0.292929,0.646465,hospital
2965,0.292929,0.656566,school
2966,0.292929,0.666667,hospital
2967,0.292929,0.676768,restaurant
2968,0.292929,0.686869,hospital
2969,0.292929,0.69697,school
2970,0.292929,0.707071,bank
2971,0.292929,0.717172,pharmacy
2972,0.292929,0.727273,restaurant
2973,0.292929,0.737374,hospital
2974,0.292929,0.747475,pharmacy
2975,0.292929,0.757576,hospital
2976,0.292929,0.767677,pharmacy
2977,0.292929,0.777778,school
2978,0.292929,0.787879,pharmacy
2979,0.292929,0.79798,restaurant
2980,0.292929,0.808081,school
2981,0.292929,0.818182,pharmacy
2982,0.292929,0.828283,restaurant
2983,0.292929,0.838384,bank
2984,0.292929,0.848485,bank
2985,0.292929,0.858586,restaurant
2986,0.292929,0.868687,bank
2987,0.292929,0.878788,pharmacy
2988,0.292929,0.888889,pharmacy
2989,0.292929,0.89899,bank
2990,0.292929,0.909091,hospital
2991,0.292929,0.919192,bank
2992,0.292929,0.929293,bank
2993,0.292929,0.939394,restaurant
2994,0.292929,0.949495,hospital
2995,0.292929,0.959596,restaurant
2996,0.292929,0.969697,bank
2997,0.292929,0.979798,school
2998,0.292929,0.989899,school
2999,0.292929,1.0,pharmacy
3000,0.30303,0.0,hospital
3001,0.30303,0.010101,restaurant
3002,0.30303,0.020202,pharmacy
3003,0.30303,0.030303,bank
3004,0.30303,0.040404,restaurant
3005,0.30303,0.050505,school
3006,0.30303,0.060606,school
3007,0.30303,0.070707,restaurant
3008,0.30303,0.080808,pharmacy
3009,0.30303,0.090909,school
3010,0.30303,0.10101,pharmacy
3011,0.30303,0.111111,bank
3012,0.30303,0.121212,hospital
3013,0.30303,0.131313,school
3014,0.30303,0.141414,pharmacy
3015,0.30303,0.151515,hospital
3016,0.30303,0.161616,school
3017,0.30303,0.171717,hospital
3018,0.30303,0.181818,bank
3019,0.30303,0.191919,pharmacy
3020,0.30303,0.20202,restaurant
3021,0.30303,0.212121,hospital
3022,0.30303,0.222222,pharmacy
3023,0.30303,0.232323,hospital
3024,0.30303,0.242424,hospital
3025,0.30303,0.252525,pharmacy
3026,0.30303,0.262626,restaurant
3027,0.30303,0.272727,hospital
3028,0.30303,0.282828,bank
3029,0.30303,0.292929,hospital
3030,0.30303,0.30303,restaurant
3031,0.30303,0.313131,restaurant
3032,0.30303,0.323232,school
3033,0.30303,0.333333,bank
3034,0.30303,0.343434,hospital
3035,0.30303,0.353535,restaurant
3036,0.30303,0.363636,hospital
3037,0.30303,0.373737,hospital
3038,0.30303,0.383838,school
3039,0.30303,0.393939,school
3040,0.30303,0.40404,hospital
3041,0.30303,0.414141,hospital
3042,0.30303,0.424242,bank
3043,0.30303,0.434343,pharmacy
3044,0.30303,0.444444,school
3045,0.30303,0.454545,hospital
3046,0.30303,0.464646,restaurant
3047,0.30303,0.474747,restaurant
3048,0.30303,0.484848,hospital
3049,0.30303,0.494949,hospital
3050,0.30303,0.505051,pharmacy
3051,0.30303,0.515152,pharmacy
3052,0.30303,0.525253,hospital
3053,0.30303,0.535354,restaurant
3054,0.30303,0.545455,bank
3055,0.30303,0.555556,pharmacy
3056,0.30303,0.565657,school
3057,0.30303,0.575758,hospital
3058,0.30303,0.585859,hospital
3059,0.30303,0.59596,pharmacy
3060,0.30303,0.606061,school
3061,0.30303,0.616162,school
3062,0.30303,0.626263,hospital
3063,0.30303,0.636364,bank
3064,0.30303,0.646465,restaurant
3065,0.30303,0.656566,bank
3066,0.30303,0.666667,restaurant
3067,0.30303,0.676768,school
3068,0.30303,0.686869,hospital
3069,0.30303,0.69697,bank
3070,0.30303,0.707071,bank
3071,0.30303,0.717172,restaurant
3072,0.30303,0.727273,restaurant
3073,0.30303,0.737374,hospital
3074,0.30303,0.747475,bank
3075,0.30303,0.757576,restaurant
3076,0.30303,0.767677,school
3077,0.30303,0.777778,bank
3078,0.30303,0.787879,hospital
3079,0.30303,0.79798,restaurant
3080,0.30303,0.808081,school
3081,0.30303,0.818182,school
3082,0.30303,0.828283,pharmacy
3083,0.30303,0.838384,restaurant
3084,0.30303,0.848485,restaurant
3085,0.30303,0.858586,hospital
3086,0.30303,0.868687,pharmacy
3087,0.30303,0.878788,bank
3088,0.30303,0.888889,bank
3089,0.30303,0.89899,bank
3090,0.30303,0.909091,school
3091,0.30303,0.919192,school
3092,0.30303,0.929293,bank
3093,0.30303,0.939394,restaurant
3094,0.30303,0.949495,pharmacy
3095,0.30303,0.959596,restaurant
3096,0.30303,0.969697,bank
3097,0.30303,0.979798,school
3098,0.30303,0.989899,school
3099,0.30303,1.0,school
3100,0.313131,0.0,hospital
3101,0.313131,0.010101,pharmacy
3102,0.313131,0.020202,restaurant
3103,0.313131,0.030303,bank
3104,0.313131,0.040404,restaurant
3105,0.313131,0.050505,bank
3106,0.313131,0.060606,restaurant
3107,0.313131,0.070707,pharmacy
3108,0.313131,0.080808,restaurant
3109,0.313131,0.090909,hospital
3110,0.313131,0.10101,bank
3111,0.313131,0.111111,hospital
3112,0.313131,0.121212,bank
3113,0.313131,0.131313,bank
3114,0.313131,0.141414,school
3115,0.313131,0.151515,hospital
3116,0.313131,0.161616,restaurant
3117,0.313131,0.171717,restaurant
3118,0.313131,0.181818,hospital
3119,0.313131,0.191919,pharmacy
3120,0.313131,0.20202,hospital
3121,0.313131,0.212121,bank
3122,0.313131,0.222222,restaurant
3123,0.313131,0.232323,pharmacy
3124,0.313131,0.242424,restaurant
3125,0.313131,0.252525,school
3126,0.313131,0.262626,hospital
3127,0.313131,0.272727,restaurant
3128,0.313131,0.282828,restaurant
3129,0.313131,0.292929,hospital
3130,0.313131,0.30303,restaurant
3131,0.313131,0.313131,hospital
3132,0.313131,0.323232,pharmacy
3133,0.313131,0.333333,restaurant
3134,0.313131,0.343434,restaurant
3135,0.313131,0.353535,hospital
3136,0.313131,0.363636,bank
3137,0.313131,0.373737,bank
3138,0.313131,0.383838,bank
3139,0.313131,0.393939,pharmacy
3140,0.313131,0.40404,school
3141,0.313131,0.414141,bank
3142,0.313131,0.424242,hospital
3143,0.313131,0.434343,school
3144,0.313131,0.444444,school
3145,0.313131,0.454545,school
3146,0.313131,0.464646,hospital
3147,0.313131,0.474747,restaurant
3148,0.313131,0.484848,pharmacy
3149,0.313131,0.494949,pharmacy
3150,0.313131,0.505051,bank
3151,0.313131,0.515152,hospital
3152,0.313131,0.525253,hospital
3153,0.313131,0.535354,hospital
3154,0.313131,0.545455,hospital
3155,0.313131,0.555556,school
3156,0.313131,0.565657,school
3157,0.313131,0.575758,bank
3158,0.313131,0.585859,bank
3159,0.313131,0.59596,school
3160,0.313131,0.606061,school
3161,0.313131,0.616162,hospital
3162,0.313131,0.626263,hospital
3163,0.313131,0.636364,restaurant
3164,0.313131,0.646465,bank
3165,0.313131,0.656566,bank
3166,0.313131,0.666667,pharmacy
3167,0.313131,0.676768,pharmacy
3168,0.313131,0.686869,school
3169,0.313131,0.69697,hospital
3170,0.313131,0.707071,restaurant
3171,0.313131,0.717172,bank
3172,0.313131,0.727273,bank
3173,0.313131,0.737374,pharmacy
3174,0.313131,0.747475,school
3175,0.313131,0.757576,restaurant
3176,0.313131,0.767677,bank
3177,0.313131,0.777778,school
3178,0.313131,0.787879,bank
3179,0.313131,0.79798,hospital
3180,0.313131,0.808081,hospital
3181,0.313131,0.818182,school
3182,0.313131,0.828283,restaurant
3183,0.313131,0.838384,bank
3184,0.313131,0.848485,school
3185,0.313131,0.858586,pharmacy
3186,0.313131,0.868687,restaurant
3187,0.313131,0.878788,pharmacy
3188,0.313131,0.888889,hospital
3189,0.313131,0.89899,school
3190,0.313131,0.909091,bank
3191,0.313131,0.919192,pharmacy
3192,0.313131,0.929293,restaurant
3193,0.313131,0.939394,pharmacy
3194,0.313131,0.949495,school
3195,0.313131,0.959596,school
3196,0.313131,0.969697,pharmacy
3197,0.313131,0.979798,hospital
3198,0.313131,0.989899,school
3199,0.313131,1.0,pharmacy
3200,0.323232,0.0,pharmacy
3201,0.323232,0.010101,bank
3202,0.323232,0.020202,bank
3203,0.323232,0.030303,restaurant
3204,0.323232,0.040404,pharmacy
3205,0.323232,0.050505,restaurant
3206,0.323232,0.060606,pharmacy
3207,0.323232,0.070707,pharmacy
3208,0.323232,0.080808,school
3209,0.323232,0.090909,restaurant
3210,0.323232,0.10101,school
3211,0.323232,0.111111,hospital
3212,0.323232,0.121212,restaurant
3213,0.323232,0.131313,restaurant
3214,0.323232,0.141414,pharmacy
3215,0.323232,0.151515,bank
3216,0.323232,0.161616,hospital
3217,0.323232,0.171717,hospital
3218,0.323232,0.181818,school
3219,0.323232,0.191919,bank
3220,0.323232,0.20202,hospital
3221,0.323232,0.212121,pharmacy
3222,0.323232,0.222222,restaurant
3223,0.323232,0.232323,pharmacy
3224,0.323232,0.242424,pharmacy
3225,0.323232,0.252525,school
3226,0.323232,0.262626,restaurant
3227,0.323232,0.272727,pharmacy
3228,0.323232,0.282828,hospital
3229,0.323232,0.292929,pharmacy
3230,0.323232,0.30303,school
3231,0.323232,0.313131,school
3232,0.323232,0.323232,restaurant
3233,0.323232,0.333333,bank
3234,0.323232,0.343434,hospital
3235,0.323232,0.353535,hospital
3236,0.323232,0.363636,hospital
3237,0.323232,0.373737,pharmacy
3238,0.323232,0.383838,bank
3239,0.323232,0.393939,hospital
3240,0.323232,0.40404,restaurant
3241,0.323232,0.414141,bank
3242,0.323232,0.424242,hospital
3243,0.323232,0.434343,pharmacy
3244,0.323232,0.444444,restaurant
3245,0.323232,0.454545,school
3246,0.323232,0.464646,hospital
3247,0.323232,0.474747,pharmacy
3248,0.323232,0.484848,school
3249,0.323232,0.494949,hospital
3250,0.323232,0.505051,pharmacy
3251,0.323232,0.515152,pharmacy
3252,0.323232,0.525253,bank
3253,0.323232,0.535354,pharmacy
3254,0.323232,0.545455,pharmacy
3255,0.323232,0.555556,pharmacy
3256,0.323232,0.565657,bank
3257,0.323232,0.575758,school
3258,0.323232,0.585859,bank
3259,0.323232,0.59596,school
3260,0.323232,0.606061,hospital
3261,0.323232,0.616162,pharmacy
3262,0.323232,0.626263,pharmacy
3263,0.323232,0.636364,pharmacy
3264,0.323232,0.646465,bank
3265,0.323232,0.656566,pharmacy
3266,0.323232,0.666667,bank
3267,0.323232,0.676768,school
3268,0.323232,0.686869,school
3269,0.323232,0.69697,pharmacy
3270,0.323232,0.707071,hospital
3271,0.323232,0.717172,hospital
3272,0.323232,0.727273,pharmacy
3273,0.323232,0.737374,school
3274,0.323232,0.747475,bank
3275,0.323232,0.757576,hospital
3276,0.323232,0.767677,restaurant
3277,0.323232,0.777778,pharmacy
3278,0.323232,0.787879,bank
3279,0.323232,0.79798,school
3280,0.323232,0.808081,hospital
3281,0.323232,0.818182,bank
3282,0.323232,0.828283,restaurant
3283,0.323232,0.838384,bank
3284,0.323232,0.848485,bank
3285,0.323232,0.858586,pharmacy
3286,0.323232,0.868687,hospital
3287,0.323232,0.878788,school
3288,0.323232,0.888889,restaurant
3289,0.323232,0.89899,bank
3290,0.323232,0.909091,hospital
3291,0.323232,0.919192,school
3292,0.323232,0.929293,bank
3293,0.323232,0.939394,pharmacy
3294,0.323232,0.949495,hospital
3295,0.323232,0.959596,pharmacy
3296,0.323232,0.969697,bank
3297,0.323232,0.979798,restaurant
3298,0.323232,0.989899,hospital
3299,0.323232,1.0,restaurant
3300,0.333333,0.0,restaurant
3301,0.333333,0.010101,bank
3302,0.333333,0.020202,restaurant
3303,0.333333,0.030303,bank
3304,0.333333,0.040404,hospital
3305,0.333333,0.050505,restaurant
3306,0.333333,0.060606,pharmacy
3307,0.333333,0.070707,pharmacy
3308,0.333333,0.080808,restaurant
3309,0.333333,0.090909,school
3310,0.333333,0.10101,bank
3311,0.333333,0.111111,pharmacy
3312,0.333333,0.121212,restaurant
3313,0.333333,0.131313,bank
3314,0.333333,0.141414,restaurant
3315,0.333333,0.151515,pharmacy
3316,0.333333,0.161616,restaurant
3317,0.333333,0.171717,pharmacy
3318,0.333333,0.181818,bank
3319,0.333333,0.191919,bank
3320,0.333333,0.20202,hospital
3321,0.333333,0.212121,restaurant
3322,0.333333,0.222222,restaurant
3323,0.333333,0.232323,hospital
3324,0.333333,0.242424,school
3325,0.333333,0.252525,bank
3326,0.333333,0.262626,pharmacy
3327,0.333333,0.272727,school
3328,0.333333,0.282828,bank
3329,0.333333,0.292929,bank
3330,0.333333,0.30303,school
3331,0.333333,0.313131,bank
3332,0.333333,0.323232,bank
3333,0.333333,0.333333,restaurant
3334,0.333333,0.343434,hospital
3335,0.333333,0.353535,hospital
3336,0.333333,0.363636,pharmacy
3337,0.333333,0.373737,restaurant
3338,0.333333,0.383838,school
3339,0.333333,0.393939,hospital
3340,0.333333,0.40404,pharmacy
3341,0.333333,0.414141,restaurant
3342,0.333333,0.424242,pharmacy
3343,0.333333,0.434343,restaurant
3344,0.333333,0.444444,school
3345,0.333333,0.454545,bank
3346,0.333333,0.464646,bank
3347,0.333333,0.474747,restaurant
3348,0.333333,0.484848,hospital
3349,0.333333,0.494949,school
3350,0.333333,0.505051,pharmacy
3351,0.333333,0.515152,school
3352,0.333333,0.525253,bank
3353,0.333333,0.535354,bank
3354,0.333333,0.545455,bank
3355,0.333333,0.555556,hospital
3356,0.333333,0.565657,pharmacy
3357,0.333333,0.575758,pharmacy
3358,0.333333,0.585859,school
3359,0.333333,0.59596,school
3360,0.333333,0.606061,hospital
3361,0.333333,0.616162,school
3362,0.333333,0.626263,school
3363,0.333333,0.636364,hospital
3364,0.333333,0.646465,pharmacy
3365,0.333333,0.656566,pharmacy
3366,0.333333,0.666667,bank
3367,0.333333,0.676768,restaurant
3368,0.333333,0.686869,restaurant
3369,0.333333,0.69697,pharmacy
3370,0.333333,0.707071,hospital
3371,0.333333,0.717172,restaurant
3372,0.333333,0.727273,hospital
3373,0.333333,0.737374,pharmacy
3374,0.333333,0.747475,pharmacy
3375,0.333333,0.757576,bank
3376,0.333333,0.767677,hospital
3377,0.333333,0.777778,hospital
3378,0.333333,0.787879,restaurant
3379,0.333333,0.79798,school
3380,0.333333,0.808081,restaurant
3381,0.333333,0.818182,pharmacy
3382,0.333333,0.828283,school
3383,0.333333,0.838384,school
3384,0.333333,0.848485,restaurant
3385,0.333333,0.858586,restaurant
3386,0.333333,0.868687,bank
3387,0.333333,0.878788,restaurant
3388,0.333333,0.888889,pharmacy
3389,0.333333,0.89899,school
3390,0.333333,0.909091,restaurant
3391,0.333333,0.919192,hospital
3392,0.333333,0.929293,bank
3393,0.333333,0.939394,hospital
3394,0.333333,0.949495,school
3395,0.333333,0.959596,pharmacy
3396,0.333333,0.969697,bank
3397,0.333333,0.979798,hospital
3398,0.333333,0.989899,hospital
3399,0.333333,1.0,restaurant
3400,0.343434,0.0,school
3401,0.343434,0.010101,restaurant
3402,0.343434,0.020202,bank
3403,0.343434,0.030303,pharmacy
3404,0.343434,0.040404,restaurant
3405,0.343434,0.050505,restaurant
3406,0.343434,0.060606,pharmacy
3407,0.343434,0.070707,pharmacy
3408,0.343434,0.080808,pharmacy
3409,0.343434,0.090909,pharmacy
3410,0.343434,0.10101,hospital
3411,0.343434,0.111111,bank
3412,0.343434,0.121212,pharmacy
3413,0.343434,0.131313,bank
3414,0.343434,0.141414,hospital
3415,0.343434,0.151515,school
3416,0.343434,0.161616,pharmacy
3417,0.343434,0.171717,bank
3418,0.343434,0.181818,restaurant
3419,0.343434,0.191919,restaurant
3420,0.343434,0.20202,hospital
3421,0.343434,0.212121,hospital
3422,0.343434,0.222222,bank
3423,0.343434,0.232323,restaurant
3424,0.343434,0.242424,restaurant
3425,0.343434,0.252525,restaurant
3426,0.343434,0.262626,pharmacy
3427,0.343434,0.272727,hospital
3428,0.343434,0.282828,restaurant
3429,0.343434,0.292929,pharmacy
3430,0.343434,0.30303,school
3431,0.343434,0.313131,restaurant
3432,0.343434,0.323232,bank
3433,0.343434,0.333333,restaurant
3434,0.343434,0.343434,restaurant
3435,0.343434,0.353535,school
3436,0.343434,0.363636,pharmacy
3437,0.343434,0.373737,restaurant
3438,0.343434,0.383838,hospital
3439,0.343434,0.393939,hospital
3440,0.343434,0.40404,restaurant
3441,0.343434,0.414141,hospital
3442,0.343434,0.424242,hospital
3443,0.343434,0.434343,hospital
3444,0.343434,0.444444,bank
3445,0.343434,0.454545,school
3446,0.343434,0.464646,school
3447,0.343434,0.474747,school
3448,0.343434,0.484848,school
3449,0.343434,0.494949,pharmacy
3450,0.343434,0.505051,restaurant
3451,0.343434,0.515152,hospital
3452,0.343434,0.525253,pharmacy
3453,0.343434,0.535354,bank
3454,0.343434,0.545455,hospital
3455,0.343434,0.555556,restaurant
3456,0.343434,0.565657,restaurant
3457,0.343434,0.575758,restaurant
3458,0.343434,0.585859,pharmacy
3459,0.343434,0.59596,pharmacy
3460,0.343434,0.606061,restaurant
3461,0.343434,0.616162,bank
3462,0.343434,0.626263,hospital
3463,0.343434,0.636364,pharmacy
3464,0.343434,0.646465,bank
3465,0.343434,0.656566,pharmacy
3466,0.343434,0.666667,hospital
3467,0.343434,0.676768,restaurant
3468,0.343434,0.686869,pharmacy
3469,0.343434,0.69697,restaurant
3470,0.343434,0.707071,school
3471,0.343434,0.717172,restaurant
3472,0.343434,0.727273,school
3473,0.343434,0.737374,bank
3474,0.343434,0.747475,school
3475,0.343434,0.757576,restaurant
3476,0.343434,0.767677,hospital
3477,0.343434,0.777778,restaurant
3478,0.343434,0.787879,restaurant
3479,0.343434,0.79798,pharmacy
3480,0.343434,0.808081,bank
3481,0.343434,0.818182,hospital
3482,0.343434,0.828283,restaurant
3483,0.343434,0.838384,hospital
3484,0.343434,0.848485,bank
3485,0.343434,0.858586,hospital
3486,0.343434,0.868687,bank
3487,0.343434,0.878788,school
3488,0.343434,0.888889,school
3489,0.343434,0.89899,hospital
3490,0.343434,0.909091,pharmacy
3491,0.343434,0.919192,restaurant
3492,0.343434,0.929293,pharmacy
3493,0.343434,0.939394,bank
3494,0.343434,0.949495,hospital
3495,0.343434,0.959596,hospital
3496,0.343434,0.969697,bank
3497,0.343434,0.979798,hospital
3498,0.343434,0.989899,pharmacy
3499,0.343434,1.0,bank
3500,0.353535,0.0,bank
3501,0.353535,0.010101,bank
3502,0.353535,0.020202,pharmacy
3503,0.353535,0.030303,restaurant
3504,0.353535,0.040404,hospital
3505,0.353535,0.050505,bank
3506,0.353535,0.060606,hospital
3507,0.353535,0.070707,restaurant
3508,0.353535,0.080808,pharmacy
3509,0.353535,0.090909,bank
3510,0.353535,0.10101,restaurant
3511,0.353535,0.111111,bank
3512,0.353535,0.121212,hospital
3513,0.353535,0.131313,restaurant
3514,0.353535,0.141414,restaurant
3515,0.353535,0.151515,bank
3516,0.353535,0.161616,school
3517,0.353535,0.171717,school
3518,0.353535,0.181818,pharmacy
3519,0.353535,0.191919,restaurant
3520,0.353535,0.20202,hospital
3521,0.353535,0.212121,bank
3522,0.353535,0.222222,school
3523,0.353535,0.232323,bank
3524,0.353535,0.242424,bank
3525,0.353535,0.252525,pharmacy
3526,0.353535,0.262626,restaurant
3527,0.353535,0.272727,school
3528,0.353535,0.282828,pharmacy
3529,0.353535,0.292929,school
3530,0.353535,0.30303,restaurant
3531,0.353535,0.313131,school
3532,0.353535,0.323232,bank
3533,0.353535,0.333333,bank
3534,0.353535,0.343434,restaurant
3535,0.353535,0.353535,pharmacy
3536,0.353535,0.363636,restaurant
3537,0.353535,0.373737,bank
3538,0.353535,0.383838,school
3539,0.353535,0.393939,pharmacy
3540,0.353535,0.40404,restaurant
3541,0.353535,0.414141,hospital
3542,0.353535,0.424242,bank
3543,0.353535,0.434343,bank
3544,0.353535,0.444444,hospital
3545,0.353535,0.454545,hospital
3546,0.353535,0.464646,hospital
3547,0.353535,0.474747,pharmacy
3548,0.353535,0.484848,bank
3549,0.353535,0.494949,restaurant
3550,0.353535,0.505051,restaurant
3551,0.353535,0.515152,school
3552,0.353535,0.525253,restaurant
3553,0.353535,0.535354,pharmacy
3554,0.353535,0.545455,pharmacy
3555,0.353535,0.555556,pharmacy
3556,0.353535,0.565657,hospital
3557,0.353535,0.575758,pharmacy
3558,0.353535,0.585859,pharmacy
3559,0.353535,0.59596,restaurant
3560,0.353535,0.606061,hospital
3561,0.353535,0.616162,pharmacy
3562,0.353535,0.626263,restaurant
3563,0.353535,0.636364,school
3564,0.353535,0.646465,bank
3565,0.353535,0.656566,restaurant
3566,0.353535,0.666667,pharmacy
3567,0.353535,0.676768,school
3568,0.353535,0.686869,pharmacy
3569,0.353535,0.69697,restaurant
3570,0.353535,0.707071,restaurant
3571,0.353535,0.717172,pharmacy
3572,0.353535,0.727273,pharmacy
3573,0.353535,0.737374,restaurant
3574,0.353535,0.747475,hospital
3575,0.353535,0.757576,restaurant
3576,0.353535,0.767677,bank
3577,0.353535,0.777778,pharmacy
3578,0.353535,0.787879,school
3579,0.353535,0.79798,bank
3580,0.353535,0.808081,restaurant
3581,0.353535,0.818182,hospital
3582,0.353535,0.828283,hospital
3583,0.353535,0.838384,school
3584,0.353535,0.848485,bank
3585,0.353535,0.858586,bank
3586,0.353535,0.868687,pharmacy
3587,0.353535,0.878788,hospital
3588,0.353535,0.888889,bank
3589,0.353535,0.89899,bank
3590,0.353535,0.909091,pharmacy
3591,0.353535,0.919192,pharmacy
3592,0.353535,0.929293,hospital
3593,0.353535,0.939394,pharmacy
3594,0.353535,0.949495,hospital
3595,0.353535,0.959596,restaurant
3596,0.353535,0.969697,pharmacy
3597,0.353535,0.979798,restaurant
3598,0.353535,0.989899,hospital
3599,0.353535,1.0,hospital
3600,0.363636,0.0,hospital
3601,0.363636,0.010101,pharmacy
3602,0.363636,0.020202,bank
3603,0.363636,0.030303,restaurant
3604,0.363636,0.040404,hospital
3605,0.363636,0.050505,school
3606,0.363636,0.060606,school
3607,0.363636,0.070707,hospital
3608,0.363636,0.080808,restaurant
3609,0.363636,0.090909,school
3610,0.363636,0.10101,school
3611,0.363636,0.111111,hospital
3612,0.363636,0.121212,restaurant
3613,0.363636,0.131313,bank
3614,0.363636,0.141414,bank
3615,0.363636,0.151515,bank
3616,0.363636,0.161616,bank
3617,0.363636,0.171717,school
3618,0.363636,0.181818,restaurant
3619,0.363636,0.191919,bank
3620,0.363636,0.20202,hospital
3621,0.363636,0.212121,pharmacy
3622,0.363636,0.222222,school
3623,0.363636,0.232323,school
3624,0.363636,0.242424,school
3625,0.363636,0.252525,hospital
3626,0.363636,0.262626,bank
3627,0.363636,0.272727,restaurant
3628,0.363636,0.282828,bank
3629,0.363636,0.292929,restaurant
3630,0.363636,0.30303,school
3631,0.363636,0.313131,hospital
3632,0.363636,0.323232,hospital
3633,0.363636,0.333333,restaurant
3634,0.363636,0.343434,hospital
3635,0.363636,0.353535,restaurant
3636,0.363636,0.363636,school
3637,0.363636,0.373737,restaurant
3638,0.363636,0.383838,restaurant
3639,0.363636,0.393939,school
3640,0.363636,0.40404,hospital
3641,0.363636,0.414141,pharmacy
3642,0.363636,0.424242,hospital
3643,0.363636,0.434343,school
3644,0.363636,0.444444,restaurant
3645,0.363636,0.454545,hospital
3646,0.363636,0.464646,restaurant
3647,0.363636,0.474747,restaurant
3648,0.363636,0.484848,bank
3649,0.363636,0.494949,restaurant
3650,0.363636,0.505051,bank
3651,0.363636,0.515152,school
3652,0.363636,0.525253,hospital
3653,0.363636,0.535354,hospital
3654,0.363636,0.545455,restaurant
3655,0.363636,0.555556,pharmacy
3656,0.363636,0.565657,pharmacy
3657,0.363636,0.575758,school
3658,0.363636,0.585859,hospital
3659,0.363636,0.59596,pharmacy
3660,0.363636,0.606061,bank
3661,0.363636,0.616162,hospital
3662,0.363636,0.626263,restaurant
3663,0.363636,0.636364,bank
3664,0.363636,0.646465,school
3665,0.363636,0.656566,hospital
3666,0.363636,0.666667,school
3667,0.363636,0.676768,hospital
3668,0.363636,0.686869,restaurant
3669,0.363636,0.69697,bank
3670,0.363636,0.707071,bank
3671,0.363636,0.717172,hospital
3672,0.363636,0.727273,bank
3673,0.363636,0.737374,hospital
3674,0.363636,0.747475,restaurant
3675,0.363636,0.757576,hospital
3676,0.363636,0.767677,pharmacy
3677,0.363636,0.777778,restaurant
3678,0.363636,0.787879,bank
3679,0.363636,0.79798,hospital
3680,0.363636,0.808081,school
3681,0.363636,0.818182,school
3682,0.363636,0.828283,bank
3683,0.363636,0.838384,school
3684,0.363636,0.848485,restaurant
3685,0.363636,0.858586,school
3686,0.363636,0.868687,restaurant
3687,0.363636,0.878788,bank
3688,0.363636,0.888889,pharmacy
3689,0.363636,0.89899,hospital
3690,0.363636,0.909091,hospital
3691,0.363636,0.919192,bank
3692,0.363636,0.929293,bank
3693,0.363636,0.939394,hospital
3694,0.363636,0.949495,pharmacy
3695,0.363636,0.959596,pharmacy
3696,0.363636,0.969697,hospital
3697,0.363636,0.979798,pharmacy
3698,0.363636,0.989899,school
3699,0.363636,1.0,bank
3700,0.373737,0.0,bank
3701,0.373737,0.010101,bank
3702,0.373737,0.020202,restaurant
3703,0.373737,0.030303,bank
3704,0.373737,0.040404,bank
3705,0.373737,0.050505,bank
3706,0.373737,0.060606,school
3707,0.373737,0.070707,hospital
3708,0.373737,0.080808,pharmacy
3709,0.373737,0.090909,school
3710,0.373737,0.10101,bank
3711,0.373737,0.111111,hospital
3712,0.373737,0.121212,hospital
3713,0.373737,0.131313,pharmacy
3714,0.373737,0.141414,hospital
3715,0.373737,0.151515,pharmacy
3716,0.373737,0.161616,pharmacy
3717,0.373737,0.171717,bank
3718,0.373737,0.181818,pharmacy
3719,0.373737,0.191919,restaurant
3720,0.373737,0.20202,school
3721,0.373737,0.212121,bank
3722,0.373737,0.222222,restaurant
3723,0.373737,0.232323,hospital
3724,0.373737,0.242424,hospital
3725,0.373737,0.252525,bank
3726,0.373737,0.262626,restaurant
3727,0.373737,0.272727,hospital
3728,0.373737,0.282828,bank
3729,0.373737,0.292929,restaurant
3730,0.373737,0.30303,restaurant
3731,0.373737,0.313131,bank
3732,0.373737,0.323232,bank
3733,0.373737,0.333333,hospital
3734,0.373737,0.343434,pharmacy
3735,0.373737,0.353535,bank
3736,0.373737,0.363636,school
3737,0.373737,0.373737,pharmacy
3738,0.373737,0.383838,restaurant
3739,0.373737,0.393939,restaurant
3740,0.373737,0.40404,bank
3741,0.373737,0.414141,restaurant
3742,0.373737,0.424242,bank
3743,0.373737,0.434343,school
3744,0.373737,0.444444,pharmacy
3745,0.373737,0.454545,restaurant
3746,0.373737,0.464646,pharmacy
3747,0.373737,0.474747,restaurant
3748,0.373737,0.484848,school
3749,0.373737,0.494949,restaurant
3750,0.373737,0.505051,school
3751,0.373737,0.515152,school
3752,0.373737,0.525253,restaurant
3753,0.373737,0.535354,pharmacy
3754,0.373737,0.545455,school
3755,0.373737,0.555556,school
3756,0.373737,0.565657,hospital
3757,0.373737,0.575758,school
3758,0.373737,0.585859,school
3759,0.373737,0.59596,school
3760,0.373737,0.606061,hospital
3761,0.373737,0.616162,bank
3762,0.373737,0.626263,hospital
3763,0.373737,0.636364,pharmacy
3764,0.373737,0.646465,pharmacy
3765,0.373737,0.656566,restaurant
3766,0.373737,0.666667,pharmacy
3767,0.373737,0.676768,school
3768,0.373737,0.686869,hospital
3769,0.373737,0.69697,hospital
3770,0.373737,0.707071,bank
3771,0.373737,0.717172,bank
3772,0.373737,0.727273,pharmacy
3773,0.373737,0.737374,bank
3774,0.373737,0.747475,bank
3775,0.373737,0.757576,school
3776,0.373737,0.767677,pharmacy
3777,0.373737,0.777778,restaurant
3778,0.373737,0.787879,school
3779,0.373737,0.79798,pharmacy
3780,0.373737,0.808081,restaurant
3781,0.373737,0.818182,school
3782,0.373737,0.828283,pharmacy
3783,0.373737,0.838384,bank
3784,0.373737,0.848485,school
3785,0.373737,0.858586,school
3786,0.373737,0.868687,pharmacy
3787,0.373737,0.878788,restaurant
3788,0.373737,0.888889,pharmacy
3789,0.373737,0.89899,pharmacy
3790,0.373737,0.909091,school
3791,0.373737,0.919192,hospital
3792,0.373737,0.929293,school
3793,0.373737,0.939394,restaurant
3794,0.373737,0.949495,bank
3795,0.373737,0.959596,school
3796,0.373737,0.969697,pharmacy
3797,0.373737,0.979798,restaurant
3798,0.373737,0.989899,pharmacy
3799,0.373737,1.0,restaurant
3800,0.383838,0.0,bank
3801,0.383838,0.010101,pharmacy
3802,0.383838,0.020202,hospital
3803,0.383838,0.030303,pharmacy
3804,0.383838,0.040404,restaurant
3805,0.383838,0.050505,restaurant
3806,0.383838,0.060606,school
3807,0.383838,0.070707,restaurant
3808,0.383838,0.080808,pharmacy
3809,0.383838,0.090909,pharmacy
3810,0.383838,0.10101,school
3811,0.383838,0.111111,pharmacy
3812,0.383838,0.121212,hospital
3813,0.383838,0.131313,hospital
3814,0.383838,0.141414,bank
3815,0.383838,0.151515,pharmacy
3816,0.383838,0.161616,restaurant
3817,0.383838,0.171717,pharmacy
3818,0.383838,0.181818,hospital
3819,0.383838,0.191919,pharmacy
3820,0.383838,0.20202,hospital
3821,0.383838,0.212121,restaurant
3822,0.383838,0.222222,hospital
3823,0.383838,0.232323,hospital
3824,0.383838,0.242424,hospital
3825,0.383838,0.252525,school
3826,0.383838,0.262626,hospital
3827,0.383838,0.272727,bank
3828,0.383838,0.282828,restaurant
3829,0.383838,0.292929,school
3830,0.383838,0.30303,restaurant
3831,0.383838,0.313131,school
3832,0.383838,0.323232,bank
3833,0.383838,0.333333,school
3834,0.383838,0.343434,hospital
3835,0.383838,0.353535,restaurant
3836,0.383838,0.363636,school
3837,0.383838,0.373737,bank
3838,0.383838,0.383838,restaurant
3839,0.383838,0.393939,restaurant
3840,0.383838,0.40404,pharmacy
3841,0.383838,0.414141,pharmacy
3842,0.383838,0.424242,restaurant
3843,0.383838,0.434343,school
3844,0.383838,0.444444,bank
3845,0.383838,0.454545,restaurant
3846,0.383838,0.464646,school
3847,0.383838,0.474747,restaurant
3848,0.383838,0.484848,school
3849,0.383838,0.494949,bank
3850,0.383838,0.505051,school
3851,0.383838,0.515152,school
3852,0.383838,0.525253,hospital
3853,0.383838,0.535354,pharmacy
3854,0.383838,0.545455,hospital
3855,0.383838,0.555556,bank
3856,0.383838,0.565657,hospital
3857,0.383838,0.575758,restaurant
3858,0.383838,0.585859,school
3859,0.383838,0.59596,pharmacy
3860,0.383838,0.606061,hospital
3861,0.383838,0.616162,pharmacy
3862,0.383838,0.626263,restaurant
3863,0.383838,0.636364,pharmacy
3864,0.383838,0.646465,restaurant
3865,0.383838,0.656566,school
3866,0.383838,0.666667,restaurant
3867,0.383838,0.676768,bank
3868,0.383838,0.686869,pharmacy
3869,0.383838,0.69697,hospital
3870,0.383838,0.707071,bank
3871,0.383838,0.717172,pharmacy
3872,0.383838,0.727273,restaurant
3873,0.383838,0.737374,bank
3874,0.383838,0.747475,pharmacy
3875,0.383838,0.757576,hospital
3876,0.383838,0.767677,restaurant
3877,0.383838,0.777778,pharmacy
3878,0.383838,0.787879,restaurant
3879,0.383838,0.79798,restaurant
3880,0.383838,0.808081,restaurant
3881,0.383838,0.818182,hospital
3882,0.383838,0.828283,restaurant
3883,0.383838,0.838384,school
3884,0.383838,0.848485,bank
3885,0.383838,0.858586,pharmacy
3886,0.383838,0.868687,school
3887,0.383838,0.878788,bank
3888,0.383838,0.888889,hospital
3889,0.383838,0.89899,hospital
3890,0.383838,0.909091,school
3891,0.383838,0.919192,restaurant
3892,0.383838,0.929293,pharmacy
3893,0.383838,0.939394,restaurant
3894,0.383838,0.949495,bank
3895,0.383838,0.959596,school
3896,0.383838,0.969697,school
3897,0.383838,0.979798,restaurant
3898,0.383838,0.989899,bank
3899,0.383838,1.0,restaurant
3900,0.393939,0.0,school
3901,0.393939,0.010101,school
3902,0.393939,0.020202,pharmacy
3903,0.393939,0.030303,restaurant
3904,0.393939,0.040404,restaurant
3905,0.393939,0.050505,hospital
3906,0.393939,0.060606,school
3907,0.393939,0.070707,pharmacy
3908,0.393939,0.080808,hospital
3909,0.393939,0.090909,pharmacy
3910,0.393939,0.10101,hospital
3911,0.393939,0.111111,pharmacy
3912,0.393939,0.121212,restaurant
3913,0.393939,0.131313,bank
3914,0.393939,0.141414,hospital
3915,0.393939,0.151515,restaurant
3916,0.393939,0.161616,bank
3917,0.393939,0.171717,bank
3918,0.393939,0.181818,school
3919,0.393939,0.191919,school
3920,0.393939,0.20202,school
3921,0.393939,0.212121,pharmacy
3922,0.393939,0.222222,school
3923,0.393939,0.232323,school
3924,0.393939,0.242424,bank
3925,0.393939,0.252525,bank
3926,0.393939,0.262626,pharmacy
3927,0.393939,0.272727,pharmacy
3928,0.393939,0.282828,school
3929,0.393939,0.292929,school
3930,0.393939,0.30303,school
3931,0.393939,0.313131,school
3932,0.393939,0.323232,school
3933,0.393939,0.333333,hospital
3934,0.393939,0.343434,bank
3935,0.393939,0.353535,school
3936,0.393939,0.363636,school
3937,0.393939,0.373737,school
3938,0.393939,0.383838,hospital
3939,0.393939,0.393939,pharmacy
3940,0.393939,0.40404,bank
3941,0.393939,0.414141,hospital
3942,0.393939,0.424242,hospital
3943,0.393939,0.434343,school
3944,0.393939,0.444444,pharmacy
3945,0.393939,0.454545,bank
3946,0.393939,0.464646,restaurant
3947,0.393939,0.474747,pharmacy
3948,0.393939,0.484848,restaurant
3949,0.393939,0.494949,school
3950,0.393939,0.505051,school
3951,0.393939,0.515152,bank
3952,0.393939,0.525253,bank
3953,0.393939,0.535354,hospital
3954,0.393939,0.545455,bank
3955,0.393939,0.555556,pharmacy
3956,0.393939,0.565657,bank
3957,0.393939,0.575758,bank
3958,0.393939,0.585859,school
3959,0.393939,0.59596,bank
3960,0.393939,0.606061,hospital
3961,0.393939,0.616162,pharmacy
3962,0.393939,0.626263,school
3963,0.393939,0.636364,bank
3964,0.393939,0.646465,hospital
3965,0.393939,0.656566,restaurant
3966,0.393939,0.666667,school
3967,0.393939,0.676768,bank
3968,0.393939,0.686869,pharmacy
3969,0.393939,0.69697,school
3970,0.393939,0.707071,pharmacy
3971,0.393939,0.717172,hospital
3972,0.393939,0.727273,school
3973,0.393939,0.737374,bank
3974,0.393939,0.747475,hospital
3975,0.393939,0.757576,restaurant
3976,0.393939,0.767677,restaurant
3977,0.393939,0.777778,hospital
3978,0.393939,0.787879,pharmacy
3979,0.393939,0.79798,bank
3980,0.393939,0.808081,hospital
3981,0.393939,0.818182,pharmacy
3982,0.393939,0.828283,restaurant
3983,0.393939,0.838384,pharmacy
3984,0.393939,0.848485,restaurant
3985,0.393939,0.858586,bank
3986,0.393939,0.868687,restaurant
3987,0.393939,0.878788,school
3988,0.393939,0.888889,restaurant
3989,0.393939,0.89899,restaurant
3990,0.393939,0.909091,pharmacy
3991,0.393939,0.919192,school
3992,0.393939,0.929293,pharmacy
3993,0.393939,0.939394,school
3994,0.393939,0.949495,bank
3995,0.393939,0.959596,restaurant
3996,0.393939,0.969697,restaurant
3997,0.393939,0.979798,hospital
3998,0.393939,0.989899,school
3999,0.393939,1.0,school
4000,0.40404,0.0,pharmacy
4001,0.40404,0.010101,restaurant
4002,0.40404,0.020202,restaurant
4003,0.40404,0.030303,hospital
4004,0.40404,0.040404,hospital
4005,0.40404,0.050505,bank
4006,0.40404,0.060606,hospital
4007,0.40404,0.070707,pharmacy
4008,0.40404,0.080808,restaurant
4009,0.40404,0.090909,school
4010,0.40404,0.10101,school
4011,0.40404,0.111111,pharmacy
4012,0.40404,0.121212,hospital
4013,0.40404,0.131313,restaurant
4014,0.40404,0.141414,restaurant
4015,0.40404,0.151515,hospital
4016,0.40404,0.161616,school
4017,0.40404,0.171717,pharmacy
4018,0.40404,0.181818,bank
4019,0.40404,0.191919,restaurant
4020,0.40404,0.20202,bank
4021,0.40404,0.212121,pharmacy
4022,0.40404,0.222222,bank
4023,0.40404,0.232323,school
4024,0.40404,0.242424,pharmacy
4025,0.40404,0.252525,restaurant
4026,0.40404,0.262626,bank
4027,0.40404,0.272727,restaurant
4028,0.40404,0.282828,hospital
4029,0.40404,0.292929,school
4030,0.40404,0.30303,restaurant
4031,0.40404,0.313131,hospital
4032,0.40404,0.323232,hospital
4033,0.40404,0.333333,pharmacy
4034,0.40404,0.343434,pharmacy
4035,0.40404,0.353535,school
4036,0.40404,0.363636,school
4037,0.40404,0.373737,school
4038,0.40404,0.383838,hospital
4039,0.40404,0.393939,hospital
4040,0.40404,0.40404,bank
4041,0.40404,0.414141,hospital
4042,0.40404,0.424242,school
4043,0.40404,0.434343,bank
4044,0.40404,0.444444,bank
4045,0.40404,0.454545,hospital
4046,0.40404,0.464646,bank
4047,0.40404,0.474747,pharmacy
4048,0.40404,0.484848,school
4049,0.40404,0.494949,hospital
4050,0.40404,0.505051,bank
4051,0.40404,0.515152,pharmacy
4052,0.40404,0.525253,hospital
4053,0.40404,0.535354,school
4054,0.40404,0.545455,hospital
4055,0.40404,0.555556,restaurant
4056,0.40404,0.565657,hospital
4057,0.40404,0.575758,pharmacy
4058,0.40404,0.585859,hospital
4059,0.40404,0.59596,hospital
4060,0.40404,0.606061,hospital
4061,0.40404,0.616162,pharmacy
4062,0.40404,0.626263,bank
4063,0.40404,0.636364,school
4064,0.40404,0.646465,bank
4065,0.40404,0.656566,hospital
4066,0.40404,0.666667,bank
4067,0.40404,0.676768,bank
4068,0.40404,0.686869,school
4069,0.40404,0.69697,hospital
4070,0.40404,0.707071,restaurant
4071,0.40404,0.717172,school
4072,0.40404,0.727273,school
4073,0.40404,0.737374,hospital
4074,0.40404,0.747475,bank
4075,0.40404,0.757576,hospital
4076,0.40404,0.767677,bank
4077,0.40404,0.777778,hospital
4078,0.40404,0.787879,school
4079,0.40404,0.79798,restaurant
4080,0.40404,0.808081,hospital
4081,0.40404,0.818182,pharmacy
4082,0.40404,0.828283,restaurant
4083,0.40404,0.838384,pharmacy
4084,0.40404,0.848485,hospital
4085,0.40404,0.858586,restaurant
4086,0.40404,0.868687,restaurant
4087,0.40404,0.878788,restaurant
4088,0.40404,0.888889,pharmacy
4089,0.40404,0.89899,hospital
4090,0.40404,0.909091,hospital
4091,0.40404,0.919192,hospital
4092,0.40404,0.929293,school
4093,0.40404,0.939394,bank
4094,0.40404,0.949495,restaurant
4095,0.40404,0.959596,school
4096,0.40404,0.969697,hospital
4097,0.40404,0.979798,restaurant
4098,0.40404,0.989899,hospital
4099,0.40404,1.0,pharmacy
4100,0.414141,0.0,bank
4101,0.414141,0.010101,hospital
4102,0.414141,0.020202,school
4103,0.414141,0.030303,hospital
4104,0.414141,0.040404,hospital
4105,0.414141,0.050505,school
4106,0.414141,0.060606,restaurant
4107,0.414141,0.070707,school
4108,0.414141,0.080808,bank
4109,0.414141,0.090909,bank
4110,0.414141,0.10101,restaurant
4111,0.414141,0.111111,bank
4112,0.414141,0.121212,hospital
4113,0.414141,0.131313,pharmacy
4114,0.414141,0.141414,pharmacy
4115,0.414141,0.151515,bank
4116,0.414141,0.161616,restaurant
4117,0.414141,0.171717,school
4118,0.414141,0.181818,restaurant
4119,0.414141,0.191919,bank
4120,0.414141,0.20202,school
4121,0.414141,0.212121,bank
4122,0.414141,0.222222,hospital
4123,0.414141,0.232323,school
4124,0.414141,0.242424,restaurant
4125,0.414141,0.252525,restaurant
4126,0.414141,0.262626,pharmacy
4127,0.414141,0.272727,pharmacy
4128,0.414141,0.282828,pharmacy
4129,0.414141,0.292929,bank
4130,0.414141,0.30303,hospital
4131,0.414141,0.313131,hospital
4132,0.414141,0.323232,school
4133,0.414141,0.333333,restaurant
4134,0.414141,0.343434,hospital
4135,0.414141,0.353535,pharmacy
4136,0.414141,0.363636,restaurant
4137,0.414141,0.373737,bank
4138,0.414141,0.383838,pharmacy
4139,0.414141,0.393939,pharmacy
4140,0.414141,0.40404,bank
4141,0.414141,0.414141,bank
4142,0.414141,0.424242,restaurant
4143,0.414141,0.434343,hospital
4144,0.414141,0.444444,hospital
4145,0.414141,0.454545,restaurant
4146,0.414141,0.464646,bank
4147,0.414141,0.474747,hospital
4148,0.414141,0.484848,restaurant
4149,0.414141,0.494949,restaurant
4150,0.414141,0.505051,school
4151,0.414141,0.515152,school
4152,0.414141,0.525253,hospital
4153,0.414141,0.535354,restaurant
4154,0.414141,0.545455,restaurant
4155,0.414141,0.555556,hospital
4156,0.414141,0.565657,bank
4157,0.414141,0.575758,restaurant
4158,0.414141,0.585859,bank
4159,0.414141,0.59596,pharmacy
4160,0.414141,0.606061,school
4161,0.414141,0.616162,bank
4162,0.414141,0.626263,pharmacy
4163,0.414141,0.636364,bank
4164,0.414141,0.646465,hospital
4165,0.414141,0.656566,pharmacy
4166,0.414141,0.666667,school
4167,0.414141,0.676768,school
4168,0.414141,0.686869,bank
4169,0.414141,0.69697,bank
4170,0.414141,0.707071,bank
4171,0.414141,0.717172,pharmacy
4172,0.414141,0.727273,pharmacy
4173,0.414141,0.737374,bank
4174,0.414141,0.747475,school
4175,0.414141,0.757576,hospital
4176,0.414141,0.767677,school
4177,0.414141,0.777778,pharmacy
4178,0.414141,0.787879,restaurant
4179,0.414141,0.79798,bank
4180,0.414141,0.808081,restaurant
4181,0.414141,0.818182,hospital
4182,0.414141,0.828283,restaurant
4183,0.414141,0.838384,hospital
4184,0.414141,0.848485,bank
4185,0.414141,0.858586,restaurant
4186,0.414141,0.868687,bank
4187,0.414141,0.878788,school
4188,0.414141,0.888889,restaurant
4189,0.414141,0.89899,hospital
4190,0.414141,0.909091,restaurant
4191,0.414141,0.919192,bank
4192,0.414141,0.929293,bank
4193,0.414141,0.939394,hospital
4194,0.414141,0.949495,bank
4195,0.414141,0.959596,hospital
4196,0.414141,0.969697,school
4197,0.414141,0.979798,restaurant
4198,0.414141,0.989899,pharmacy
4199,0.414141,1.0,pharmacy
4200,0.424242,0.0,bank
4201,0.424242,0.010101,restaurant
4202,0.424242,0.020202,school
4203,0.424242,0.030303,hospital
4204,0.424242,0.040404,hospital
4205,0.424242,0.050505,pharmacy
4206,0.424242,0.060606,pharmacy
4207,0.424242,0.070707,bank
4208,0.424242,0.080808,pharmacy
4209,0.424242,0.090909,restaurant
4210,0.424242,0.10101,restaurant
4211,0.424242,0.111111,hospital
4212,0.424242,0.121212,restaurant
4213,0.424242,0.131313,school
4214,0.424242,0.141414,pharmacy
4215,0.424242,0.151515,hospital
4216,0.424242,0.161616,hospital
4217,0.424242,0.171717,hospital
4218,0.424242,0.181818,pharmacy
4219,0.424242,0.191919,pharmacy
4220,0.424242,0.20202,hospital
4221,0.424242,0.212121,bank
4222,0.424242,0.222222,bank
4223,0.424242,0.232323,bank
4224,0.424242,0.242424,bank
4225,0.424242,0.252525,school
4226,0.424242,0.262626,pharmacy
4227,0.424242,0.272727,hospital
4228,0.424242,0.282828,hospital
4229,0.424242,0.292929,bank
4230,0.424242,0.30303,hospital
4231,0.424242,0.313131,hospital
4232,0.424242,0.323232,restaurant
4233,0.424242,0.333333,bank
4234,0.424242,0.343434,school
4235,0.424242,0.353535,school
4236,0.424242,0.363636,pharmacy
4237,0.424242,0.373737,pharmacy
4238,0.424242,0.383838,bank
4239,0.424242,0.393939,restaurant
4240,0.424242,0.40404,pharmacy
4241,0.424242,0.414141,bank
4242,0.424242,0.424242,bank
4243,0.424242,0.434343,pharmacy
4244,0.424242,0.444444,hospital
4245,0.424242,0.454545,hospital
4246,0.424242,0.464646,hospital
4247,0.424242,0.474747,pharmacy
4248,0.424242,0.484848,pharmacy
4249,0.424242,0.494949,bank
4250,0.424242,0.505051,hospital
4251,0.424242,0.515152,bank
4252,0.424242,0.525253,pharmacy
4253,0.424242,0.535354,restaurant
4254,0.424242,0.545455,bank
4255,0.424242,0.555556,bank
4256,0.424242,0.565657,hospital
4257,0.424242,0.575758,pharmacy
4258,0.424242,0.585859,hospital
4259,0.424242,0.59596,restaurant
4260,0.424242,0.606061,restaurant
4261,0.424242,0.616162,bank
4262,0.424242,0.626263,school
4263,0.424242,0.636364,pharmacy
4264,0.424242,0.646465,hospital
4265,0.424242,0.656566,bank
4266,0.424242,0.666667,restaurant
4267,0.424242,0.676768,school
4268,0.424242,0.686869,school
4269,0.424242,0.69697,bank
4270,0.424242,0.707071,bank
4271,0.424242,0.717172,hospital
4272,0.424242,0.727273,hospital
4273,0.424242,0.737374,pharmacy
4274,0.424242,0.747475,hospital
4275,0.424242,0.757576,hospital
4276,0.424242,0.767677,restaurant
4277,0.424242,0.777778,hospital
4278,0.424242,0.787879,hospital
4279,0.424242,0.79798,hospital
4280,0.424242,0.808081,hospital
4281,0.424242,0.818182,restaurant
4282,0.424242,0.828283,bank
4283,0.424242,0.838384,bank
4284,0.424242,0.848485,school
4285,0.424242,0.858586,bank
4286,0.424242,0.868687,school
4287,0.424242,0.878788,pharmacy
4288,0.424242,0.888889,restaurant
4289,0.424242,0.89899,bank
4290,0.424242,0.909091,pharmacy
4291,0.424242,0.919192,bank
4292,0.424242,0.929293,hospital
4293,0.424242,0.939394,bank
4294,0.424242,0.949495,restaurant
4295,0.424242,0.959596,school
4296,0.424242,0.969697,bank
4297,0.424242,0.979798,restaurant
4298,0.424242,0.989899,pharmacy
4299,0.424242,1.0,hospital
4300,0.434343,0.0,school
4301,0.434343,0.010101,school
4302,0.434343,0.020202,hospital
4303,0.434343,0.030303,restaurant
4304,0.434343,0.040404,restaurant
4305,0.434343,0.050505,bank
4306,0.434343,0.060606,school
4307,0.434343,0.070707,pharmacy
4308,0.434343,0.080808,hospital
4309,0.434343,0.090909,school
4310,0.434343,0.10101,school
4311,0.434343,0.111111,pharmacy
4312,0.434343,0.121212,restaurant
4313,0.434343,0.131313,pharmacy
4314,0.434343,0.141414,pharmacy
4315,0.434343,0.151515,bank
4316,0.434343,0.161616,bank
4317,0.434343,0.171717,restaurant
4318,0.434343,0.181818,hospital
4319,0.434343,0.191919,hospital
4320,0.434343,0.20202,hospital
4321,0.434343,0.212121,pharmacy
4322,0.434343,0.222222,school
4323,0.434343,0.232323,pharmacy
4324,0.434343,0.242424,hospital
4325,0.434343,0.252525,school
4326,0.434343,0.262626,pharmacy
4327,0.434343,0.272727,bank
4328,0.434343,0.282828,school
4329,0.434343,0.292929,school
4330,0.434343,0.30303,restaurant
4331,0.434343,0.313131,school
4332,0.434343,0.323232,school
4333,0.434343,0.333333,bank
4334,0.434343,0.343434,hospital
4335,0.434343,0.353535,restaurant
4336,0.434343,0.363636,pharmacy
4337,0.434343,0.373737,school
4338,0.434343,0.383838,restaurant
4339,0.434343,0.393939,bank
4340,0.434343,0.40404,restaurant
4341,0.434343,0.414141,school
4342,0.434343,0.424242,pharmacy
4343,0.434343,0.434343,bank
4344,0.434343,0.444444,bank
4345,0.434343,0.454545,school
4346,0.434343,0.464646,school
4347,0.434343,0.474747,school
4348,0.434343,0.484848,pharmacy
4349,0.434343,0.494949,restaurant
4350,0.434343,0.505051,school
4351,0.434343,0.515152,hospital
4352,0.434343,0.525253,restaurant
4353,0.434343,0.535354,pharmacy
4354,0.434343,0.545455,hospital
4355,0.434343,0.555556,bank
4356,0.434343,0.565657,restaurant
4357,0.434343,0.575758,school
4358,0.434343,0.585859,school
4359,0.434343,0.59596,pharmacy
4360,0.434343,0.606061,bank
4361,0.434343,0.616162,restaurant
4362,0.434343,0.626263,restaurant
4363,0.434343,0.636364,bank
4364,0.434343,0.646465,restaurant
4365,0.434343,0.656566,hospital
4366,0.434343,0.666667,school
4367,0.434343,0.676768,school
4368,0.434343,0.686869,pharmacy
4369,0.434343,0.69697,hospital
4370,0.434343,0.707071,bank
4371,0.434343,0.717172,hospital
4372,0.434343,0.727273,bank
4373,0.434343,0.737374,school
4374,0.434343,0.747475,hospital
4375,0.434343,0.757576,school
4376,0.434343,0.767677,restaurant
4377,0.434343,0.777778,restaurant
4378,0.434343,0.787879,hospital
4379,0.434343,0.79798,restaurant
4380,0.434343,0.808081,hospital
4381,0.434343,0.818182,hospital
4382,0.434343,0.828283,restaurant
4383,0.434343,0.838384,pharmacy
4384,0.434343,0.848485,school
4385,0.434343,0.858586,restaurant
4386,0.434343,0.868687,school
4387,0.434343,0.878788,restaurant
4388,0.434343,0.888889,pharmacy
4389,0.434343,0.89899,pharmacy
4390,0.434343,0.909091,hospital
4391,0.434343,0.919192,hospital
4392,0.434343,0.929293,school
4393,0.434343,0.939394,pharmacy
4394,0.434343,0.949495,bank
4395,0.434343,0.959596,bank
4396,0.434343,0.969697,hospital
4397,0.434343,0.979798,bank
4398,0.434343,0.989899,hospital
4399,0.434343,1.0,school
4400,0.444444,0.0,pharmacy
4401,0.444444,0.010101,restaurant
4402,0.444444,0.020202,restaurant
4403,0.444444,0.030303,bank
4404,0.444444,0.040404,pharmacy
4405,0.444444,0.050505,pharmacy
4406,0.444444,0.060606,school
4407,0.444444,0.070707,hospital
4408,0.444444,0.080808,restaurant
4409,0.444444,0.090909,school
4410,0.444444,0.10101,bank
4411,0.444444,0.111111,pharmacy
4412,0.444444,0.121212,pharmacy
4413,0.444444,0.131313,restaurant
4414,0.444444,0.141414,school
4415,0.444444,0.151515,restaurant
4416,0.444444,0.161616,restaurant
4417,0.444444,0.171717,restaurant
4418,0.444444,0.181818,restaurant
4419,0.444444,0.191919,school
4420,0.444444,0.20202,pharmacy
4421,0.444444,0.212121,bank
4422,0.444444,0.222222,school
4423,0.444444,0.232323,school
4424,0.444444,0.242424,restaurant
4425,0.444444,0.252525,bank
4426,0.444444,0.262626,bank
4427,0.444444,0.272727,bank
4428,0.444444,0.282828,pharmacy
4429,0.444444,0.292929,school
4430,0.444444,0.30303,school
4431,0.444444,0.313131,restaurant
4432,0.444444,0.323232,pharmacy
4433,0.444444,0.333333,hospital
4434,0.444444,0.343434,pharmacy
4435,0.444444,0.353535,school
4436,0.444444,0.363636,bank
4437,0.444444,0.373737,restaurant
4438,0.444444,0.383838,school
4439,0.444444,0.393939,hospital
4440,0.444444,0.40404,bank
4441,0.444444,0.414141,restaurant
4442,0.444444,0.424242,hospital
4443,0.444444,0.434343,hospital
4444,0.444444,0.444444,pharmacy
4445,0.444444,0.454545,pharmacy
4446,0.444444,0.464646,pharmacy
4447,0.444444,0.474747,bank
4448,0.444444,0.484848,school
4449,0.444444,0.494949,hospital
4450,0.444444,0.505051,pharmacy
4451,0.444444,0.515152,restaurant
4452,0.444444,0.525253,hospital
4453,0.444444,0.535354,restaurant
4454,0.444444,0.545455,pharmacy
4455,0.444444,0.555556,bank
4456,0.444444,0.565657,school
4457,0.444444,0.575758,pharmacy
4458,0.444444,0.585859,school
4459,0.444444,0.59596,bank
4460,0.444444,0.606061,school
4461,0.444444,0.616162,school
4462,0.444444,0.626263,restaurant
4463,0.444444,0.636364,restaurant
4464,0.444444,0.646465,restaurant
4465,0.444444,0.656566,hospital
4466,0.444444,0.666667,pharmacy
4467,0.444444,0.676768,school
4468,0.444444,0.686869,bank
4469,0.444444,0.69697,pharmacy
4470,0.444444,0.707071,restaurant
4471,0.444444,0.717172,hospital
4472,0.444444,0.727273,hospital
4473,0.444444,0.737374,pharmacy
4474,0.444444,0.747475,bank
4475,0.444444,0.757576,hospital
4476,0.444444,0.767677,restaurant
4477,0.444444,0.777778,pharmacy
4478,0.444444,0.787879,hospital
4479,0.444444,0.79798,restaurant
4480,0.444444,0.808081,bank
4481,0.444444,0.818182,pharmacy
4482,0.444444,0.828283,restaurant
4483,0.444444,0.838384,school
4484,0.444444,0.848485,restaurant
4485,0.444444,0.858586,hospital
4486,0.444444,0.868687,restaurant
4487,0.444444,0.878788,restaurant
4488,0.444444,0.888889,school
4489,0.444444,0.89899,hospital
4490,0.444444,0.909091,pharmacy
4491,0.444444,0.919192,restaurant
4492,0.444444,0.929293,school
4493,0.444444,0.939394,school
4494,0.444444,0.949495,bank
4495,0.444444,0.959596,restaurant
4496,0.444444,0.969697,restaurant
4497,0.444444,0.979798,school
4498,0.444444,0.989899,restaurant
4499,0.444444,1.0,school
4500,0.454545,0.0,school
4501,0.454545,0.010101,restaurant
4502,0.454545,0.020202,bank
4503,0.454545,0.030303,hospital
4504,0.454545,0.040404,pharmacy
4505,0.454545,0.050505,school
4506,0.454545,0.060606,pharmacy
4507,0.454545,0.070707,school
4508,0.454545,0.080808,hospital
4509,0.454545,0.090909,restaurant
4510,0.454545,0.10101,bank
4511,0.454545,0.111111,hospital
4512,0.454545,0.121212,restaurant
4513,0.454545,0.131313,pharmacy
4514,0.454545,0.141414,school
4515,0.454545,0.151515,pharmacy
4516,0.454545,0.161616,school
4517,0.454545,0.171717,bank
4518,0.454545,0.181818,restaurant
4519,0.454545,0.191919,school
4520,0.454545,0.20202,restaurant
4521,0.454545,0.212121,school
4522,0.454545,0.222222,pharmacy
4523,0.454545,0.232323,restaurant
4524,0.454545,0.242424,bank
4525,0.454545,0.252525,restaurant
4526,0.454545,0.262626,school
4527,0.454545,0.272727,bank
4528,0.454545,0.282828,bank
4529,0.454545,0.292929,pharmacy
4530,0.454545,0.30303,pharmacy
4531,0.454545,0.313131,restaurant
4532,0.454545,0.323232,restaurant
4533,0.454545,0.333333,pharmacy
4534,0.454545,0.343434,restaurant
4535,0.454545,0.353535,restaurant
4536,0.454545,0.363636,hospital
4537,0.454545,0.373737,bank
4538,0.454545,0.383838,pharmacy
4539,0.454545,0.393939,bank
4540,0.454545,0.40404,pharmacy
4541,0.454545,0.414141,school
4542,0.454545,0.424242,bank
4543,0.454545,0.434343,restaurant
4544,0.454545,0.444444,hospital
4545,0.454545,0.454545,hospital
4546,0.454545,0.464646,bank
4547,0.454545,0.474747,school
4548,0.454545,0.484848,school
4549,0.454545,0.494949,restaurant
4550,0.454545,0.505051,school
4551,0.454545,0.515152,school
4552,0.454545,0.525253,school
4553,0.454545,0.535354,restaurant
4554,0.454545,0.545455,restaurant
4555,0.454545,0.555556,hospital
4556,0.454545,0.565657,hospital
4557,0.454545,0.575758,pharmacy
4558,0.454545,0.585859,pharmacy
4559,0.454545,0.59596,school
4560,0.454545,0.606061,restaurant
4561,0.454545,0.616162,hospital
4562,0.454545,0.626263,hospital
4563,0.454545,0.636364,restaurant
4564,0.454545,0.646465,bank
4565,0.454545,0.656566,school
4566,0.454545,0.666667,bank
4567,0.454545,0.676768,pharmacy
4568,0.454545,0.686869,bank
4569,0.454545,0.69697,pharmacy
4570,0.454545,0.707071,hospital
4571,0.454545,0.717172,pharmacy
4572,0.454545,0.727273,school
4573,0.454545,0.737374,school
4574,0.454545,0.747475,hospital
4575,0.454545,0.757576,pharmacy
4576,0.454545,0.767677,restaurant
4577,0.454545,0.777778,hospital
4578,0.454545,0.787879,hospital
4579,0.454545,0.79798,hospital
4580,0.454545,0.808081,hospital
4581,0.454545,0.818182,pharmacy
4582,0.454545,0.828283,bank
4583,0.454545,0.838384,restaurant
4584,0.454545,0.848485,bank
4585,0.454545,0.858586,school
4586,0.454545,0.868687,restaurant
4587,0.454545,0.878788,hospital
4588,0.454545,0.888889,school
4589,0.454545,0.89899,pharmacy
4590,0.454545,0.909091,restaurant
4591,0.454545,0.919192,bank
4592,0.454545,0.929293,pharmacy
4593,0.454545,0.939394,pharmacy
4594,0.454545,0.949495,pharmacy
4595,0.454545,0.959596,restaurant
4596,0.454545,0.969697,pharmacy
4597,0.454545,0.979798,hospital
4598,0.454545,0.989899,hospital
4599,0.454545,1.0,restaurant
4600,0.464646,0.0,bank
4601,0.464646,0.010101,restaurant
4602,0.464646,0.020202,pharmacy
4603,0.464646,0.030303,bank
4604,0.464646,0.040404,restaurant
4605,0.464646,0.050505,bank
4606,0.464646,0.060606,pharmacy
4607,0.464646,0.070707,bank
4608,0.464646,0.080808,bank
4609,0.464646,0.090909,restaurant
4610,0.464646,0.10101,hospital
4611,0.464646,0.111111,bank
4612,0.464646,0.121212,school
4613,0.464646,0.131313,hospital
4614,0.464646,0.141414,school
4615,0.464646,0.151515,restaurant
4616,0.464646,0.161616,pharmacy
4617,0.464646,0.171717,bank
4618,0.464646,0.181818,school
4619,0.464646,0.191919,pharmacy
4620,0.464646,0.20202,pharmacy
4621,0.464646,0.212121,pharmacy
4622,0.464646,0.222222,bank
4623,0.464646,0.232323,bank
4624,0.464646,0.242424,pharmacy
4625,0.464646,0.252525,school
4626,0.464646,0.262626,bank
4627,0.464646,0.272727,school
4628,0.464646,0.282828,hospital
4629,0.464646,0.292929,restaurant
4630,0.464646,0.30303,restaurant
4631,0.464646,0.313131,restaurant
4632,0.464646,0.323232,pharmacy
4633,0.464646,0.333333,pharmacy
4634,0.464646,0.343434,hospital
4635,0.464646,0.353535,hospital
4636,0.464646,0.363636,pharmacy
4637,0.464646,0.373737,hospital
4638,0.464646,0.383838,restaurant
4639,0.464646,0.393939,pharmacy
4640,0.464646,0.40404,pharmacy
4641,0.464646,0.414141,bank
4642,0.464646,0.424242,hospital
4643,0.464646,0.434343,hospital
4644,0.464646,0.444444,bank
4645,0.464646,0.454545,pharmacy
4646,0.464646,0.464646,restaurant
4647,0.464646,0.474747,school
4648,0.464646,0.484848,restaurant
4649,0.464646,0.494949,bank
4650,0.464646,0.505051,restaurant
4651,0.464646,0.515152,bank
4652,0.464646,0.525253,pharmacy
4653,0.464646,0.535354,bank
4654,0.464646,0.545455,school
4655,0.464646,0.555556,school
4656,0.464646,0.565657,pharmacy
4657,0.464646,0.575758,pharmacy
4658,0.464646,0.585859,school
4659,0.464646,0.59596,hospital
4660,0.464646,0.606061,bank
4661,0.464646,0.616162,restaurant
4662,0.464646,0.626263,pharmacy
4663,0.464646,0.636364,restaurant
4664,0.464646,0.646465,restaurant
4665,0.464646,0.656566,bank
4666,0.464646,0.666667,school
4667,0.464646,0.676768,pharmacy
4668,0.464646,0.686869,hospital
4669,0.464646,0.69697,school
4670,0.464646,0.707071,school
4671,0.464646,0.717172,pharmacy
4672,0.464646,0.727273,school
4673,0.464646,0.737374,hospital
4674,0.464646,0.747475,restaurant
4675,0.464646,0.757576,pharmacy
4676,0.464646,0.767677,hospital
4677,0.464646,0.777778,bank
4678,0.464646,0.787879,school
4679,0.464646,0.79798,hospital
4680,0.464646,0.808081,restaurant
4681,0.464646,0.818182,hospital
4682,0.464646,0.828283,bank
4683,0.464646,0.838384,pharmacy
4684,0.464646,0.848485,bank
4685,0.464646,0.858586,school
4686,0.464646,0.868687,hospital
4687,0.464646,0.878788,hospital
4688,0.464646,0.888889,restaurant
4689,0.464646,0.89899,hospital
4690,0.464646,0.909091,pharmacy
4691,0.464646,0.919192,restaurant
4692,0.464646,0.929293,bank
4693,0.464646,0.939394,pharmacy
4694,0.464646,0.949495,bank
4695,0.464646,0.959596,bank
4696,0.464646,0.969697,restaurant
4697,0.464646,0.979798,hospital
4698,0.464646,0.989899,school
4699,0.464646,1.0,bank
4700,0.474747,0.0,pharmacy
4701,0.474747,0.010101,restaurant
4702,0.474747,0.020202,pharmacy
4703,0.474747,0.030303,restaurant
4704,0.474747,0.040404,hospital
4705,0.474747,0.050505,pharmacy
4706,0.474747,0.060606,restaurant
4707,0.474747,0.070707,restaurant
4708,0.474747,0.080808,restaurant
4709,0.474747,0.090909,bank
4710,0.474747,0.10101,bank
4711,0.474747,0.111111,hospital
4712,0.474747,0.121212,restaurant
4713,0.474747,0.131313,school
4714,0.474747,0.141414,bank
4715,0.474747,0.151515,school
4716,0.474747,0.161616,bank
4717,0.474747,0.171717,restaurant
4718,0.474747,0.181818,bank
4719,0.474747,0.191919,hospital
4720,0.474747,0.20202,restaurant
4721,0.474747,0.212121,school
4722,0.474747,0.222222,school
4723,0.474747,0.232323,bank
4724,0.474747,0.242424,restaurant
4725,0.474747,0.252525,restaurant
4726,0.474747,0.262626,school
4727,0.474747,0.272727,hospital
4728,0.474747,0.282828,bank
4729,0.474747,0.292929,pharmacy
4730,0.474747,0.30303,pharmacy
4731,0.474747,0.313131,restaurant
4732,0.474747,0.323232,pharmacy
4733,0.474747,0.333333,school
4734,0.474747,0.343434,hospital
4735,0.474747,0.353535,restaurant
4736,0.474747,0.363636,restaurant
4737,0.474747,0.373737,bank
4738,0.474747,0.383838,hospital
4739,0.474747,0.393939,restaurant
4740,0.474747,0.40404,pharmacy
4741,0.474747,0.414141,school
4742,0.474747,0.424242,school
4743,0.474747,0.434343,hospital
4744,0.474747,0.444444,school
4745,0.474747,0.454545,hospital
4746,0.474747,0.464646,hospital
4747,0.474747,0.474747,bank
4748,0.474747,0.484848,bank
4749,0.474747,0.494949,hospital
4750,0.474747,0.505051,pharmacy
4751,0.474747,0.515152,pharmacy
4752,0.474747,0.525253,school
4753,0.474747,0.535354,bank
4754,0.474747,0.545455,bank
4755,0.474747,0.555556,bank
4756,0.474747,0.565657,school
4757,0.474747,0.575758,bank
4758,0.474747,0.585859,hospital
4759,0.474747,0.59596,pharmacy
4760,0.474747,0.606061,pharmacy
4761,0.474747,0.616162,bank
4762,0.474747,0.626263,restaurant
4763,0.474747,0.636364,restaurant
4764,0.474747,0.646465,pharmacy
4765,0.474747,0.656566,pharmacy
4766,0.474747,0.666667,school
4767,0.474747,0.676768,school
4768,0.474747,0.686869,hospital
4769,0.474747,0.69697,bank
4770,0.474747,0.707071,hospital
4771,0.474747,0.717172,hospital
4772,0.474747,0.727273,restaurant
4773,0.474747,0.737374,school
4774,0.474747,0.747475,bank
4775,0.474747,0.757576,bank
4776,0.474747,0.767677,pharmacy
4777,0.474747,0.777778,hospital
4778,0.474747,0.787879,hospital
4779,0.474747,0.79798,school
4780,0.474747,0.808081,school
4781,0.474747,0.818182,pharmacy
4782,0.474747,0.828283,pharmacy
4783,0.474747,0.838384,school
4784,0.474747,0.848485,bank
4785,0.474747,0.858586,pharmacy
4786,0.474747,0.868687,bank
4787,0.474747,0.878788,school
4788,0.474747,0.888889,hospital
4789,0.474747,0.89899,school
4790,0.474747,0.909091,hospital
4791,0.474747,0.919192,school
4792,0.474747,0.929293,school
4793,0.474747,0.939394,pharmacy
4794,0.474747,0.949495,hospital
4795,0.474747,0.959596,bank
4796,0.474747,0.969697,school
4797,0.474747,0.979798,pharmacy
4798,0.474747,0.989899,school
4799,0.474747,1.0,bank
4800,0.484848,0.0,hospital
4801,0.484848,0.010101,hospital
4802,0.484848,0.020202,bank
4803,0.484848,0.030303,school
4804,0.484848,0.040404,pharmacy
4805,0.484848,0.050505,hospital
4806,0.484848,0.060606,bank
4807,0.484848,0.070707,hospital
4808,0.484848,0.080808,bank
4809,0.484848,0.090909,hospital
4810,0.484848,0.10101,bank
4811,0.484848,0.111111,bank
4812,0.484848,0.121212,school
4813,0.484848,0.131313,bank
4814,0.484848,0.141414,school
4815,0.484848,0.151515,hospital
4816,0.484848,0.161616,hospital
4817,0.484848,0.171717,bank
4818,0.484848,0.181818,pharmacy
4819,0.484848,0.191919,pharmacy
4820,0.484848,0.20202,school
4821,0.484848,0.212121,restaurant
4822,0.484848,0.222222,bank
4823,0.484848,0.232323,hospital
4824,0.484848,0.242424,school
4825,0.484848,0.252525,bank
4826,0.484848,0.262626,school
4827,0.484848,0.272727,bank
4828,0.484848,0.282828,bank
4829,0.484848,0.292929,hospital
4830,0.484848,0.30303,hospital
4831,0.484848,0.313131,pharmacy
4832,0.484848,0.323232,hospital
4833,0.484848,0.333333,pharmacy
4834,0.484848,0.343434,pharmacy
4835,0.484848,0.353535,restaurant
4836,0.484848,0.363636,bank
4837,0.484848,0.373737,pharmacy
4838,0.484848,0.383838,school
4839,0.484848,0.393939,bank
4840,0.484848,0.40404,bank
4841,0.484848,0.414141,bank
4842,0.484848,0.424242,pharmacy
4843,0.484848,0.434343,bank
4844,0.484848,0.444444,pharmacy
4845,0.484848,0.454545,pharmacy
4846,0.484848,0.464646,pharmacy
4847,0.484848,0.474747,pharmacy
4848,0.484848,0.484848,pharmacy
4849,0.484848,0.494949,pharmacy
4850,0.484848,0.505051,bank
4851,0.484848,0.515152,bank
4852,0.484848,0.525253,pharmacy
4853,0.484848,0.535354,pharmacy
4854,0.484848,0.545455,restaurant
4855,0.484848,0.555556,school
4856,0.484848,0.565657,school
4857,0.484848,0.575758,bank
4858,0.484848,0.585859,pharmacy
4859,0.484848,0.59596,hospital
4860,0.484848,0.606061,bank
4861,0.484848,0.616162,hospital
4862,0.484848,0.626263,pharmacy
4863,0.484848,0.636364,school
4864,0.484848,0.646465,hospital
4865,0.484848,0.656566,bank
4866,0.484848,0.666667,hospital
4867,0.484848,0.676768,school
4868,0.484848,0.686869,bank
4869,0.484848,0.69697,pharmacy
4870,0.484848,0.707071,bank
4871,0.484848,0.717172,pharmacy
4872,0.484848,0.727273,pharmacy
4873,0.484848,0.737374,restaurant
4874,0.484848,0.747475,bank
4875,0.484848,0.757576,bank
4876,0.484848,0.767677,hospital
4877,0.484848,0.777778,bank
4878,0.484848,0.787879,bank
4879,0.484848,0.79798,restaurant
4880,0.484848,0.808081,restaurant
4881,0.484848,0.818182,restaurant
4882,0.484848,0.828283,restaurant
4883,0.484848,0.838384,restaurant
4884,0.484848,0.848485,hospital
4885,0.484848,0.858586,school
4886,0.484848,0.868687,pharmacy
4887,0.484848,0.878788,pharmacy
4888,0.484848,0.888889,restaurant
4889,0.484848,0.89899,hospital
4890,0.484848,0.909091,bank
4891,0.484848,0.919192,bank
4892,0.484848,0.929293,bank
4893,0.484848,0.939394,bank
4894,0.484848,0.949495,bank
4895,0.484848,0.959596,pharmacy
4896,0.484848,0.969697,hospital
4897,0.484848,0.979798,pharmacy
4898,0.484848,0.989899,school
4899,0.484848,1.0,school
4900,0.494949,0.0,school
4901,0.494949,0.010101,pharmacy
4902,0.494949,0.020202,pharmacy
4903,0.494949,0.030303,hospital
4904,0.494949,0.040404,bank
4905,0.494949,0.050505,bank
4906,0.494949,0.060606,bank
4907,0.494949,0.070707,bank
4908,0.494949,0.080808,hospital
4909,0.494949,0.090909,school
4910,0.494949,0.10101,bank
4911,0.494949,0.111111,hospital
4912,0.494949,0.121212,pharmacy
4913,0.494949,0.131313,restaurant
4914,0.494949,0.141414,school
4915,0.494949,0.151515,restaurant
4916,0.494949,0.161616,hospital
4917,0.494949,0.171717,restaurant
4918,0.494949,0.181818,restaurant
4919,0.494949,0.191919,restaurant
4920,0.494949,0.20202,bank
4921,0.494949,0.212121,restaurant
4922,0.494949,0.222222,school
4923,0.494949,0.232323,bank
4924,0.494949,0.242424,hospital
4925,0.494949,0.252525,school
4926,0.494949,0.262626,hospital
4927,0.494949,0.272727,school
4928,0.494949,0.282828,pharmacy
4929,0.494949,0.292929,restaurant
4930,0.494949,0.30303,restaurant
4931,0.494949,0.313131,hospital
4932,0.494949,0.323232,bank
4933,0.494949,0.333333,school
4934,0.494949,0.343434,pharmacy
4935,0.494949,0.353535,bank
4936,0.494949,0.363636,restaurant
4937,0.494949,0.373737,hospital
4938,0.494949,0.383838,pharmacy
4939,0.494949,0.393939,restaurant
4940,0.494949,0.40404,restaurant
4941,0.494949,0.414141,bank
4942,0.494949,0.424242,hospital
4943,0.494949,0.434343,restaurant
4944,0.494949,0.444444,bank
4945,0.494949,0.454545,pharmacy
4946,0.494949,0.464646,hospital
4947,0.494949,0.474747,bank
4948,0.494949,0.484848,bank
4949,0.494949,0.494949,restaurant
4950,0.494949,0.505051,school
4951,0.494949,0.515152,restaurant
4952,0.494949,0.525253,restaurant
4953,0.494949,0.535354,bank
4954,0.494949,0.545455,pharmacy
4955,0.494949,0.555556,bank
4956,0.494949,0.565657,school
4957,0.494949,0.575758,hospital
4958,0.494949,0.585859,hospital
4959,0.494949,0.59596,pharmacy
4960,0.494949,0.606061,bank
4961,0.494949,0.616162,pharmacy
4962,0.494949,0.626263,hospital
4963,0.494949,0.636364,school
4964,0.494949,0.646465,pharmacy
4965,0.494949,0.656566,bank
4966,0.494949,0.666667,hospital
4967,0.494949,0.676768,hospital
4968,0.494949,0.686869,restaurant
4969,0.494949,0.69697,bank
4970,0.494949,0.707071,restaurant
4971,0.494949,0.717172,school
4972,0.494949,0.727273,bank
4973,0.494949,0.737374,hospital
4974,0.494949,0.747475,pharmacy
4975,0.494949,0.757576,school
4976,0.494949,0.767677,pharmacy
4977,0.494949,0.777778,hospital
4978,0.494949,0.787879,restaurant
4979,0.494949,0.79798,school
4980,0.494949,0.808081,hospital
4981,0.494949,0.818182,restaurant
4982,0.494949,0.828283,restaurant
4983,0.494949,0.838384,bank
4984,0.494949,0.848485,bank
4985,0.494949,0.858586,hospital
4986,0.494949,0.868687,restaurant
4987,0.494949,0.878788,pharmacy
4988,0.494949,0.888889,pharmacy
4989,0.494949,0.89899,hospital
4990,0.494949,0.909091,bank
4991,0.494949,0.919192,pharmacy
4992,0.494949,0.929293,bank
4993,0.494949,0.939394,school
4994,0.494949,0.949495,restaurant
4995,0.494949,0.959596,bank
4996,0.494949,0.969697,bank
4997,0.494949,0.979798,bank
4998,0.494949,0.989899,pharmacy
4999,0.494949,1.0,bank
5000,0.505051,0.0,bank
5001,0.505051,0.010101,restaurant
5002,0.505051,0.020202,bank
5003,0.505051,0.030303,hospital
5004,0.505051,0.040404,pharmacy
5005,0.505051,0.050505,bank
5006,0.505051,0.060606,school
5007,0.505051,0.070707,pharmacy
5008,0.505051,0.080808,restaurant
5009,0.505051,0.090909,school
5010,0.505051,0.10101,hospital
5011,0.505051,0.111111,bank
5012,0.505051,0.121212,restaurant
5013,0.505051,0.131313,restaurant
5014,0.505051,0.141414,school
5015,0.505051,0.151515,school
5016,0.505051,0.161616,hospital
5017,0.505051,0.171717,school
5018,0.505051,0.181818,bank
5019,0.505051,0.191919,school
5020,0.505051,0.20202,restaurant
5021,0.505051,0.212121,restaurant
5022,0.505051,0.222222,hospital
5023,0.505051,0.232323,bank
5024,0.505051,0.242424,school
5025,0.505051,0.252525,hospital
5026,0.505051,0.262626,bank
5027,0.505051,0.272727,hospital
5028,0.505051,0.282828,restaurant
5029,0.505051,0.292929,restaurant
5030,0.505051,0.30303,restaurant
5031,0.505051,0.313131,pharmacy
5032,0.505051,0.323232,bank
5033,0.505051,0.333333,hospital
5034,0.505051,0.343434,bank
5035,0.505051,0.353535,bank
5036,0.505051,0.363636,hospital
5037,0.505051,0.373737,pharmacy
5038,0.505051,0.383838,restaurant
5039,0.505051,0.393939,restaurant
5040,0.505051,0.40404,hospital
5041,0.505051,0.414141,bank
5042,0.505051,0.424242,hospital
5043,0.505051,0.434343,school
5044,0.505051,0.444444,bank
5045,0.505051,0.454545,bank
5046,0.505051,0.464646,school
5047,0.505051,0.474747,restaurant
5048,0.505051,0.484848,bank
5049,0.505051,0.494949,pharmacy
5050,0.505051,0.505051,pharmacy
5051,0.505051,0.515152,hospital
5052,0.505051,0.525253,bank
5053,0.505051,0.535354,bank
5054,0.505051,0.545455,restaurant
5055,0.505051,0.555556,bank
5056,0.505051,0.565657,restaurant
5057,0.505051,0.575758,hospital
5058,0.505051,0.585859,restaurant
5059,0.505051,0.59596,restaurant
5060,0.505051,0.606061,pharmacy
5061,0.505051,0.616162,hospital
5062,0.505051,0.626263,hospital
5063,0.505051,0.636364,restaurant
5064,0.505051,0.646465,restaurant
5065,0.505051,0.656566,restaurant
5066,0.505051,0.666667,restaurant
5067,0.505051,0.676768,hospital
5068,0.505051,0.686869,pharmacy
5069,0.505051,0.69697,bank
5070,0.505051,0.707071,hospital
5071,0.505051,0.717172,hospital
5072,0.505051,0.727273,restaurant
5073,0.505051,0.737374,school
5074,0.505051,0.747475,bank
5075,0.505051,0.757576,hospital
5076,0.505051,0.767677,hospital
5077,0.505051,0.777778,hospital
5078,0.505051,0.787879,school
5079,0.505051,0.79798,restaurant
5080,0.505051,0.808081,hospital
5081,0.505051,0.818182,school
5082,0.505051,0.828283,restaurant
5083,0.505051,0.838384,bank
5084,0.505051,0.848485,bank
5085,0.505051,0.858586,bank
5086,0.505051,0.868687,school
5087,0.505051,0.878788,restaurant
5088,0.505051,0.888889,hospital
5089,0.505051,0.89899,restaurant
5090,0.505051,0.909091,bank
5091,0.505051,0.919192,school
5092,0.505051,0.929293,school
5093,0.505051,0.939394,school
5094,0.505051,0.949495,bank
5095,0.505051,0.959596,bank
5096,0.505051,0.969697,school
5097,0.505051,0.979798,pharmacy
5098,0.505051,0.989899,school
5099,0.505051,1.0,bank
5100,0.515152,0.0,school
5101,0.515152,0.010101,bank
5102,0.515152,0.020202,school
5103,0.515152,0.030303,school
5104,0.515152,0.040404,hospital
5105,0.515152,0.050505,hospital
5106,0.515152,0.060606,school
5107,0.515152,0.070707,school
5108,0.515152,0.080808,bank
5109,0.515152,0.090909,bank
5110,0.515152,0.10101,hospital
5111,0.515152,0.111111,bank
5112,0.515152,0.121212,restaurant
5113,0.515152,0.131313,restaurant
5114,0.515152,0.141414,school
5115,0.515152,0.151515,school
5116,0.515152,0.161616,hospital
5117,0.515152,0.171717,restaurant
5118,0.515152,0.181818,pharmacy
5119,0.515152,0.191919,bank
5120,0.515152,0.20202,bank
5121,0.515152,0.212121,pharmacy
5122,0.515152,0.222222,hospital
5123,0.515152,0.232323,school
5124,0.515152,0.242424,hospital
5125,0.515152,0.252525,pharmacy
5126,0.515152,0.262626,pharmacy
5127,0.515152,0.272727,school
5128,0.515152,0.282828,bank
5129,0.515152,0.292929,bank
5130,0.515152,0.30303,school
5131,0.515152,0.313131,pharmacy
5132,0.515152,0.323232,bank
5133,0.515152,0.333333,hospital
5134,0.515152,0.343434,pharmacy
5135,0.515152,0.353535,hospital
5136,0.515152,0.363636,pharmacy
5137,0.515152,0.373737,restaurant
5138,0.515152,0.383838,hospital
5139,0.515152,0.393939,bank
5140,0.515152,0.40404,bank
5141,0.515152,0.414141,school
5142,0.515152,0.424242,restaurant
5143,0.515152,0.434343,school
5144,0.515152,0.444444,school
5145,0.515152,0.454545,hospital
5146,0.515152,0.464646,bank
5147,0.515152,0.474747,school
5148,0.515152,0.484848,restaurant
5149,0.515152,0.494949,bank
5150,0.515152,0.505051,hospital
5151,0.515152,0.515152,restaurant
5152,0.515152,0.525253,restaurant
5153,0.515152,0.535354,bank
5154,0.515152,0.545455,bank
5155,0.515152,0.555556,school
5156,0.515152,0.565657,school
5157,0.515152,0.575758,restaurant
5158,0.515152,0.585859,hospital
5159,0.515152,0.59596,pharmacy
5160,0.515152,0.606061,bank
5161,0.515152,0.616162,pharmacy
5162,0.515152,0.626263,bank
5163,0.515152,0.636364,school
5164,0.515152,0.646465,bank
5165,0.515152,0.656566,pharmacy
5166,0.515152,0.666667,hospital
5167,0.515152,0.676768,school
5168,0.515152,0.686869,pharmacy
5169,0.515152,0.69697,hospital
5170,0.515152,0.707071,restaurant
5171,0.515152,0.717172,hospital
5172,0.515152,0.727273,school
5173,0.515152,0.737374,restaurant
5174,0.515152,0.747475,bank
5175,0.515152,0.757576,restaurant
5176,0.515152,0.767677,hospital
5177,0.515152,0.777778,hospital
5178,0.515152,0.787879,bank
5179,0.515152,0.79798,pharmacy
5180,0.515152,0.808081,school
5181,0.515152,0.818182,bank
5182,0.515152,0.828283,school
5183,0.515152,0.838384,hospital
5184,0.515152,0.848485,bank
5185,0.515152,0.858586,restaurant
5186,0.515152,0.868687,school
5187,0.515152,0.878788,hospital
5188,0.515152,0.888889,hospital
5189,0.515152,0.89899,restaurant
5190,0.515152,0.909091,restaurant
5191,0.515152,0.919192,pharmacy
5192,0.515152,0.929293,hospital
5193,0.515152,0.939394,bank
5194,0.515152,0.949495,school
5195,0.515152,0.959596,bank
5196,0.515152,0.969697,hospital
5197,0.515152,0.979798,bank
5198,0.515152,0.989899,restaurant
5199,0.515152,1.0,school
5200,0.525253,0.0,hospital
5201,0.525253,0.010101,bank
5202,0.525253,0.020202,school
5203,0.525253,0.030303,restaurant
5204,0.525253,0.040404,pharmacy
5205,0.525253,0.050505,school
5206,0.525253,0.060606,hospital
5207,0.525253,0.070707,pharmacy
5208,0.525253,0.080808,hospital
5209,0.525253,0.090909,hospital
5210,0.525253,0.10101,school
5211,0.525253,0.111111,hospital
5212,0.525253,0.121212,restaurant
5213,0.525253,0.131313,school
5214,0.525253,0.141414,restaurant
5215,0.525253,0.151515,hospital
5216,0.525253,0.161616,restaurant
5217,0.525253,0.171717,bank
5218,0.525253,0.181818,school
5219,0.525253,0.191919,hospital
5220,0.525253,0.20202,restaurant
5221,0.525253,0.212121,school
5222,0.525253,0.222222,bank
5223,0.525253,0.232323,pharmacy
5224,0.525253,0.242424,restaurant
5225,0.525253,0.252525,hospital
5226,0.525253,0.262626,hospital
5227,0.525253,0.272727,bank
5228,0.525253,0.282828,hospital
5229,0.525253,0.292929,pharmacy
5230,0.525253,0.30303,restaurant
5231,0.525253,0.313131,pharmacy
5232,0.525253,0.323232,school
5233,0.525253,0.333333,school
5234,0.525253,0.343434,pharmacy
5235,0.525253,0.353535,pharmacy
5236,0.525253,0.363636,school
5237,0.525253,0.373737,hospital
5238,0.525253,0.383838,restaurant
5239,0.525253,0.393939,hospital
5240,0.525253,0.40404,pharmacy
5241,0.525253,0.414141,bank
5242,0.525253,0.424242,restaurant
5243,0.525253,0.434343,school
5244,0.525253,0.444444,hospital
5245,0.525253,0.454545,hospital
5246,0.525253,0.464646,pharmacy
5247,0.525253,0.474747,hospital
5248,0.525253,0.484848,pharmacy
5249,0.525253,0.494949,restaurant
5250,0.525253,0.505051,bank
5251,0.525253,0.515152,hospital
5252,0.525253,0.525253,hospital
5253,0.525253,0.535354,school
5254,0.525253,0.545455,hospital
5255,0.525253,0.555556,bank
5256,0.525253,0.565657,pharmacy
5257,0.525253,0.575758,school
5258,0.525253,0.585859,school
5259,0.525253,0.59596,restaurant
5260,0.525253,0.606061,pharmacy
5261,0.525253,0.616162,hospital
5262,0.525253,0.626263,hospital
5263,0.525253,0.636364,restaurant
5264,0.525253,0.646465,school
5265,0.525253,0.656566,bank
5266,0.525253,0.666667,bank
5267,0.525253,0.676768,school
5268,0.525253,0.686869,bank
5269,0.525253,0.69697,bank
5270,0.525253,0.707071,restaurant
5271,0.525253,0.717172,bank
5272,0.525253,0.727273,restaurant
5273,0.525253,0.737374,hospital
5274,0.525253,0.747475,hospital
5275,0.525253,0.757576,school
5276,0.525253,0.767677,bank
5277,0.525253,0.777778,pharmacy
5278,0.525253,0.787879,school
5279,0.525253,0.79798,restaurant
5280,0.525253,0.808081,pharmacy
5281,0.525253,0.818182,pharmacy
5282,0.525253,0.828283,bank
5283,0.525253,0.838384,school
5284,0.525253,0.848485,hospital
5285,0.525253,0.858586,school
5286,0.525253,0.868687,pharmacy
5287,0.525253,0.878788,pharmacy
5288,0.525253,0.888889,restaurant
5289,0.525253,0.89899,pharmacy
5290,0.525253,0.909091,pharmacy
5291,0.525253,0.919192,hospital
5292,0.525253,0.929293,school
5293,0.525253,0.939394,bank
5294,0.525253,0.949495,pharmacy
5295,0.525253,0.959596,restaurant
5296,0.525253,0.969697,pharmacy
5297,0.525253,0.979798,school
5298,0.525253,0.989899,hospital
5299,0.525253,1.0,restaurant
5300,0.535354,0.0,hospital
5301,0.535354,0.010101,school
5302,0.535354,0.020202,restaurant
5303,0.535354,0.030303,pharmacy
5304,0.535354,0.040404,restaurant
5305,0.535354,0.050505,bank
5306,0.535354,0.060606,bank
5307,0.535354,0.070707,pharmacy
5308,0.535354,0.080808,school
5309,0.535354,0.090909,hospital
5310,0.535354,0.10101,restaurant
5311,0.535354,0.111111,bank
5312,0.535354,0.121212,school
5313,0.535354,0.131313,school
5314,0.535354,0.141414,restaurant
5315,0.535354,0.151515,hospital
5316,0.535354,0.161616,school
5317,0.535354,0.171717,restaurant
5318,0.535354,0.181818,hospital
5319,0.535354,0.191919,school
5320,0.535354,0.20202,bank
5321,0.535354,0.212121,hospital
5322,0.535354,0.222222,pharmacy
5323,0.535354,0.232323,school
5324,0.535354,0.242424,school
5325,0.535354,0.252525,hospital
5326,0.535354,0.262626,hospital
5327,0.535354,0.272727,restaurant
5328,0.535354,0.282828,restaurant
5329,0.535354,0.292929,school
5330,0.535354,0.30303,school
5331,0.535354,0.313131,restaurant
5332,0.535354,0.323232,hospital
5333,0.535354,0.333333,hospital
5334,0.535354,0.343434,hospital
5335,0.535354,0.353535,restaurant
5336,0.535354,0.363636,bank
5337,0.535354,0.373737,bank
5338,0.535354,0.383838,pharmacy
5339,0.535354,0.393939,hospital
5340,0.535354,0.40404,school
5341,0.535354,0.414141,pharmacy
5342,0.535354,0.424242,school
5343,0.535354,0.434343,bank
5344,0.535354,0.444444,school
5345,0.535354,0.454545,pharmacy
5346,0.535354,0.464646,school
5347,0.535354,0.474747,restaurant
5348,0.535354,0.484848,pharmacy
5349,0.535354,0.494949,pharmacy
5350,0.535354,0.505051,restaurant
5351,0.535354,0.515152,restaurant
5352,0.535354,0.525253,school
5353,0.535354,0.535354,restaurant
5354,0.535354,0.545455,hospital
5355,0.535354,0.555556,school
5356,0.535354,0.565657,bank
5357,0.535354,0.575758,hospital
5358,0.535354,0.585859,school
5359,0.535354,0.59596,restaurant
5360,0.535354,0.606061,bank
5361,0.535354,0.616162,restaurant
5362,0.535354,0.626263,pharmacy
5363,0.535354,0.636364,hospital
5364,0.535354,0.646465,hospital
5365,0.535354,0.656566,pharmacy
5366,0.535354,0.666667,hospital
5367,0.535354,0.676768,restaurant
5368,0.535354,0.686869,restaurant
5369,0.535354,0.69697,restaurant
5370,0.535354,0.707071,hospital
5371,0.535354,0.717172,bank
5372,0.535354,0.727273,pharmacy
5373,0.535354,0.737374,school
5374,0.535354,0.747475,pharmacy
5375,0.535354,0.757576,bank
5376,0.535354,0.767677,hospital
5377,0.535354,0.777778,bank
5378,0.535354,0.787879,pharmacy
5379,0.535354,0.79798,pharmacy
5380,0.535354,0.808081,school
5381,0.535354,0.818182,pharmacy
5382,0.535354,0.828283,restaurant
5383,0.535354,0.838384,bank
5384,0.535354,0.848485,bank
5385,0.535354,0.858586,bank
5386,0.535354,0.868687,hospital
5387,0.535354,0.878788,bank
5388,0.535354,0.888889,hospital
5389,0.535354,0.89899,bank
5390,0.535354,0.909091,hospital
5391,0.535354,0.919192,hospital
5392,0.535354,0.929293,hospital
5393,0.535354,0.939394,restaurant
5394,0.535354,0.949495,hospital
5395,0.535354,0.959596,bank
5396,0.535354,0.969697,bank
5397,0.535354,0.979798,bank
5398,0.535354,0.989899,bank
5399,0.535354,1.0,bank
5400,0.545455,0.0,hospital
5401,0.545455,0.010101,hospital
5402,0.545455,0.020202,school
5403,0.545455,0.030303,restaurant
5404,0.545455,0.040404,bank
5405,0.545455,0.050505,pharmacy
5406,0.545455,0.060606,restaurant
5407,0.545455,0.070707,restaurant
5408,0.545455,0.080808,restaurant
5409,0.545455,0.090909,school
5410,0.545455,0.10101,school
5411,0.545455,0.111111,restaurant
5412,0.545455,0.121212,restaurant
5413,0.545455,0.131313,bank
5414,0.545455,0.141414,bank
5415,0.545455,0.151515,restaurant
5416,0.545455,0.161616,hospital
5417,0.545455,0.171717,restaurant
5418,0.545455,0.181818,bank
5419,0.545455,0.191919,bank
5420,0.545455,0.20202,pharmacy
5421,0.545455,0.212121,bank
5422,0.545455,0.222222,restaurant
5423,0.545455,0.232323,hospital
5424,0.545455,0.242424,restaurant
5425,0.545455,0.252525,restaurant
5426,0.545455,0.262626,pharmacy
5427,0.545455,0.272727,school
5428,0.545455,0.282828,hospital
5429,0.545455,0.292929,hospital
5430,0.545455,0.30303,pharmacy
5431,0.545455,0.313131,pharmacy
5432,0.545455,0.323232,bank
5433,0.545455,0.333333,hospital
5434,0.545455,0.343434,school
5435,0.545455,0.353535,school
5436,0.545455,0.363636,restaurant
5437,0.545455,0.373737,bank
5438,0.545455,0.383838,hospital
5439,0.545455,0.393939,restaurant
5440,0.545455,0.40404,bank
5441,0.545455,0.414141,school
5442,0.545455,0.424242,bank
5443,0.545455,0.434343,bank
5444,0.545455,0.444444,pharmacy
5445,0.545455,0.454545,hospital
5446,0.545455,0.464646,hospital
5447,0.545455,0.474747,school
5448,0.545455,0.484848,school
5449,0.545455,0.494949,hospital
5450,0.545455,0.505051,pharmacy
5451,0.545455,0.515152,bank
5452,0.545455,0.525253,school
5453,0.545455,0.535354,pharmacy
5454,0.545455,0.545455,school
5455,0.545455,0.555556,hospital
5456,0.545455,0.565657,bank
5457,0.545455,0.575758,hospital
5458,0.545455,0.585859,pharmacy
5459,0.545455,0.59596,hospital
5460,0.545455,0.606061,bank
5461,0.545455,0.616162,school
5462,0.545455,0.626263,hospital
5463,0.545455,0.636364,restaurant
5464,0.545455,0.646465,pharmacy
5465,0.545455,0.656566,school
5466,0.545455,0.666667,pharmacy
5467,0.545455,0.676768,pharmacy
5468,0.545455,0.686869,restaurant
5469,0.545455,0.69697,bank
5470,0.545455,0.707071,bank
5471,0.545455,0.717172,hospital
5472,0.545455,0.727273,bank
5473,0.545455,0.737374,hospital
5474,0.545455,0.747475,pharmacy
5475,0.545455,0.757576,restaurant
5476,0.545455,0.767677,hospital
5477,0.545455,0.777778,school
5478,0.545455,0.787879,pharmacy
5479,0.545455,0.79798,hospital
5480,0.545455,0.808081,hospital
5481,0.545455,0.818182,hospital
5482,0.545455,0.828283,restaurant
5483,0.545455,0.838384,restaurant
5484,0.545455,0.848485,hospital
5485,0.545455,0.858586,hospital
5486,0.545455,0.868687,bank
5487,0.545455,0.878788,hospital
5488,0.545455,0.888889,school
5489,0.545455,0.89899,restaurant
5490,0.545455,0.909091,restaurant
5491,0.545455,0.919192,school
5492,0.545455,0.929293,restaurant
5493,0.545455,0.939394,pharmacy
5494,0.545455,0.949495,restaurant
5495,0.545455,0.959596,bank
5496,0.545455,0.969697,pharmacy
5497,0.545455,0.979798,restaurant
5498,0.545455,0.989899,bank
5499,0.545455,1.0,restaurant
5500,0.555556,0.0,bank
5501,0.555556,0.010101,restaurant
5502,0.555556,0.020202,pharmacy
5503,0.555556,0.030303,hospital
5504,0.555556,0.040404,hospital
5505,0.555556,0.050505,hospital
5506,0.555556,0.060606,hospital
5507,0.555556,0.070707,school
5508,0.555556,0.080808,bank
5509,0.555556,0.090909,hospital
5510,0.555556,0.10101,restaurant
5511,0.555556,0.111111,bank
5512,0.555556,0.121212,pharmacy
5513,0.555556,0.131313,pharmacy
5514,0.555556,0.141414,restaurant
5515,0.555556,0.151515,school
5516,0.555556,0.161616,pharmacy
5517,0.555556,0.171717,restaurant
5518,0.555556,0.181818,bank
5519,0.555556,0.191919,bank
5520,0.555556,0.20202,bank
5521,0.555556,0.212121,pharmacy
5522,0.555556,0.222222,school
5523,0.555556,0.232323,school
5524,0.555556,0.242424,school
5525,0.555556,0.252525,bank
5526,0.555556,0.262626,restaurant
5527,0.555556,0.272727,pharmacy
5528,0.555556,0.282828,hospital
5529,0.555556,0.292929,school
5530,0.555556,0.30303,restaurant
5531,0.555556,0.313131,school
5532,0.555556,0.323232,school
5533,0.555556,0.333333,restaurant
5534,0.555556,0.343434,pharmacy
5535,0.555556,0.353535,school
5536,0.555556,0.363636,restaurant
5537,0.555556,0.373737,pharmacy
5538,0.555556,0.383838,bank
5539,0.555556,0.393939,bank
5540,0.555556,0.40404,school
5541,0.555556,0.414141,bank
5542,0.555556,0.424242,restaurant
5543,0.555556,0.434343,hospital
5544,0.555556,0.444444,bank
5545,0.555556,0.454545,pharmacy
5546,0.555556,0.464646,hospital
5547,0.555556,0.474747,bank
5548,0.555556,0.484848,school
5549,0.555556,0.494949,pharmacy
5550,0.555556,0.505051,bank
5551,0.555556,0.515152,restaurant
5552,0.555556,0.525253,bank
5553,0.555556,0.535354,restaurant
5554,0.555556,0.545455,school
5555,0.555556,0.555556,pharmacy
5556,0.555556,0.565657,bank
5557,0.555556,0.575758,hospital
5558,0.555556,0.585859,school
5559,0.555556,0.59596,bank
5560,0.555556,0.606061,bank
5561,0.555556,0.616162,bank
5562,0.555556,0.626263,restaurant
5563,0.555556,0.636364,hospital
5564,0.555556,0.646465,pharmacy
5565,0.555556,0.656566,bank
5566,0.555556,0.666667,bank
5567,0.555556,0.676768,restaurant
5568,0.555556,0.686869,hospital
5569,0.555556,0.69697,pharmacy
5570,0.555556,0.707071,pharmacy
5571,0.555556,0.717172,school
5572,0.555556,0.727273,hospital
5573,0.555556,0.737374,hospital
5574,0.555556,0.747475,hospital
5575,0.555556,0.757576,school
5576,0.555556,0.767677,school
5577,0.555556,0.777778,restaurant
5578,0.555556,0.787879,restaurant
5579,0.555556,0.79798,bank
5580,0.555556,0.808081,hospital
5581,0.555556,0.818182,school
5582,0.555556,0.828283,pharmacy
5583,0.555556,0.838384,bank
5584,0.555556,0.848485,bank
5585,0.555556,0.858586,restaurant
5586,0.555556,0.868687,school
5587,0.555556,0.878788,school
5588,0.555556,0.888889,hospital
5589,0.555556,0.89899,hospital
5590,0.555556,0.909091,pharmacy
5591,0.555556,0.919192,restaurant
5592,0.555556,0.929293,school
5593,0.555556,0.939394,school
5594,0.555556,0.949495,hospital
5595,0.555556,0.959596,hospital
5596,0.555556,0.969697,hospital
5597,0.555556,0.979798,school
5598,0.555556,0.989899,bank
5599,0.555556,1.0,pharmacy
5600,0.565657,0.0,restaurant
5601,0.565657,0.010101,hospital
5602,0.565657,0.020202,bank
5603,0.565657,0.030303,restaurant
5604,0.565657,0.040404,pharmacy
5605,0.565657,0.050505,school
5606,0.565657,0.060606,hospital
5607,0.565657,0.070707,pharmacy
5608,0.565657,0.080808,restaurant
5609,0.565657,0.090909,restaurant
5610,0.565657,0.10101,hospital
5611,0.565657,0.111111,restaurant
5612,0.565657,0.121212,hospital
5613,0.565657,0.131313,school
5614,0.565657,0.141414,bank
5615,0.565657,0.151515,bank
5616,0.565657,0.161616,hospital
5617,0.565657,0.171717,pharmacy
5618,0.565657,0.181818,restaurant
5619,0.565657,0.191919,bank
5620,0.565657,0.20202,restaurant
5621,0.565657,0.212121,pharmacy
5622,0.565657,0.222222,bank
5623,0.565657,0.232323,bank
5624,0.565657,0.242424,restaurant
5625,0.565657,0.252525,hospital
5626,0.565657,0.262626,restaurant
5627,0.565657,0.272727,restaurant
5628,0.565657,0.282828,restaurant
5629,0.565657,0.292929,restaurant
5630,0.565657,0.30303,restaurant
5631,0.565657,0.313131,pharmacy
5632,0.565657,0.323232,restaurant
5633,0.565657,0.333333,school
5634,0.565657,0.343434,school
5635,0.565657,0.353535,restaurant
5636,0.565657,0.363636,bank
5637,0.565657,0.373737,hospital
5638,0.565657,0.383838,bank
5639,0.565657,0.393939,school
5640,0.565657,0.40404,pharmacy
5641,0.565657,0.414141,hospital
5642,0.565657,0.424242,bank
5643,0.565657,0.434343,hospital
5644,0.565657,0.444444,hospital
5645,0.565657,0.454545,restaurant
5646,0.565657,0.464646,restaurant
5647,0.565657,0.474747,pharmacy
5648,0.565657,0.484848,restaurant
5649,0.565657,0.494949,school
5650,0.565657,0.505051,school
5651,0.565657,0.515152,restaurant
5652,0.565657,0.525253,hospital
5653,0.565657,0.535354,hospital
5654,0.565657,0.545455,pharmacy
5655,0.565657,0.555556,restaurant
5656,0.565657,0.565657,bank
5657,0.565657,0.575758,restaurant
5658,0.565657,0.585859,hospital
5659,0.565657,0.59596,restaurant
5660,0.565657,0.606061,hospital
5661,0.565657,0.616162,pharmacy
5662,0.565657,0.626263,bank
5663,0.565657,0.636364,pharmacy
5664,0.565657,0.646465,school
5665,0.565657,0.656566,restaurant
5666,0.565657,0.666667,school
5667,0.565657,0.676768,school
5668,0.565657,0.686869,hospital
5669,0.565657,0.69697,restaurant
5670,0.565657,0.707071,restaurant
5671,0.565657,0.717172,hospital
5672,0.565657,0.727273,bank
5673,0.565657,0.737374,bank
5674,0.565657,0.747475,bank
5675,0.565657,0.757576,restaurant
5676,0.565657,0.767677,bank
5677,0.565657,0.777778,bank
5678,0.565657,0.787879,hospital
5679,0.565657,0.79798,restaurant
5680,0.565657,0.808081,bank
5681,0.565657,0.818182,pharmacy
5682,0.565657,0.828283,bank
5683,0.565657,0.838384,school
5684,0.565657,0.848485,bank
5685,0.565657,0.858586,hospital
5686,0.565657,0.868687,school
5687,0.565657,0.878788,school
5688,0.565657,0.888889,restaurant
5689,0.565657,0.89899,school
5690,0.565657,0.909091,school
5691,0.565657,0.919192,restaurant
5692,0.565657,0.929293,pharmacy
5693,0.565657,0.939394,school
5694,0.565657,0.949495,restaurant
5695,0.565657,0.959596,restaurant
5696,0.565657,0.969697,restaurant
5697,0.565657,0.979798,restaurant
5698,0.565657,0.989899,pharmacy
5699,0.565657,1.0,bank
5700,0.575758,0.0,pharmacy
5701,0.575758,0.010101,pharmacy
5702,0.575758,0.020202,pharmacy
5703,0.575758,0.030303,bank
5704,0.575758,0.040404,school
5705,0.575758,0.050505,school
5706,0.575758,0.060606,school
5707,0.575758,0.070707,bank
5708,0.575758,0.080808,hospital
5709,0.575758,0.090909,hospital
5710,0.575758,0.10101,hospital
5711,0.575758,0.111111,restaurant
5712,0.575758,0.121212,pharmacy
5713,0.575758,0.131313,restaurant
5714,0.575758,0.141414,bank
5715,0.575758,0.151515,pharmacy
5716,0.575758,0.161616,bank
5717,0.575758,0.171717,school
5718,0.575758,0.181818,pharmacy
5719,0.575758,0.191919,pharmacy
5720,0.575758,0.20202,school
5721,0.575758,0.212121,bank
5722,0.575758,0.222222,hospital
5723,0.575758,0.232323,school
5724,0.575758,0.242424,bank
5725,0.575758,0.252525,hospital
5726,0.575758,0.262626,pharmacy
5727,0.575758,0.272727,restaurant
5728,0.575758,0.282828,pharmacy
5729,0.575758,0.292929,restaurant
5730,0.575758,0.30303,bank
5731,0.575758,0.313131,hospital
5732,0.575758,0.323232,pharmacy
5733,0.575758,0.333333,bank
5734,0.575758,0.343434,hospital
5735,0.575758,0.353535,restaurant
5736,0.575758,0.363636,school
5737,0.575758,0.373737,hospital
5738,0.575758,0.383838,school
5739,0.575758,0.393939,bank
5740,0.575758,0.40404,school
5741,0.575758,0.414141,hospital
5742,0.575758,0.424242,restaurant
5743,0.575758,0.434343,restaurant
5744,0.575758,0.444444,restaurant
5745,0.575758,0.454545,pharmacy
5746,0.575758,0.464646,hospital
5747,0.575758,0.474747,school
5748,0.575758,0.484848,pharmacy
5749,0.575758,0.494949,pharmacy
5750,0.575758,0.505051,bank
5751,0.575758,0.515152,hospital
5752,0.575758,0.525253,pharmacy
5753,0.575758,0.535354,school
5754,0.575758,0.545455,pharmacy
5755,0.575758,0.555556,hospital
5756,0.575758,0.565657,hospital
5757,0.575758,0.575758,bank
5758,0.575758,0.585859,pharmacy
5759,0.575758,0.59596,bank
5760,0.575758,0.606061,pharmacy
5761,0.575758,0.616162,restaurant
5762,0.575758,0.626263,bank
5763,0.575758,0.636364,bank
5764,0.575758,0.646465,hospital
5765,0.575758,0.656566,pharmacy
5766,0.575758,0.666667,bank
5767,0.575758,0.676768,pharmacy
5768,0.575758,0.686869,hospital
5769,0.575758,0.69697,pharmacy
5770,0.575758,0.707071,school
5771,0.575758,0.717172,hospital
5772,0.575758,0.727273,pharmacy
5773,0.575758,0.737374,hospital
5774,0.575758,0.747475,hospital
5775,0.575758,0.757576,hospital
5776,0.575758,0.767677,school
5777,0.575758,0.777778,bank
5778,0.575758,0.787879,school
5779,0.575758,0.79798,hospital
5780,0.575758,0.808081,pharmacy
5781,0.575758,0.818182,restaurant
5782,0.575758,0.828283,pharmacy
5783,0.575758,0.838384,restaurant
5784,0.575758,0.848485,hospital
5785,0.575758,0.858586,school
5786,0.575758,0.868687,hospital
5787,0.575758,0.878788,pharmacy
5788,0.575758,0.888889,school
5789,0.575758,0.89899,bank
5790,0.575758,0.909091,bank
5791,0.575758,0.919192,bank
5792,0.575758,0.929293,restaurant
5793,0.575758,0.939394,hospital
5794,0.575758,0.949495,hospital
5795,0.575758,0.959596,pharmacy
5796,0.575758,0.969697,restaurant
5797,0.575758,0.979798,hospital
5798,0.575758,0.989899,pharmacy
5799,0.575758,1.0,hospital
5800,0.585859,0.0,hospital
5801,0.585859,0.010101,pharmacy
5802,0.585859,0.020202,hospital
5803,0.585859,0.030303,hospital
5804,0.585859,0.040404,pharmacy
5805,0.585859,0.050505,bank
5806,0.585859,0.060606,school
5807,0.585859,0.070707,pharmacy
5808,0.585859,0.080808,hospital
5809,0.585859,0.090909,restaurant
5810,0.585859,0.10101,school
5811,0.585859,0.111111,pharmacy
5812,0.585859,0.121212,bank
5813,0.585859,0.131313,school
5814,0.585859,0.141414,bank
5815,0.585859,0.151515,school
5816,0.585859,0.161616,bank
5817,0.585859,0.171717,bank
5818,0.585859,0.181818,pharmacy
5819,0.585859,0.191919,school
5820,0.585859,0.20202,hospital
5821,0.585859,0.212121,restaurant
5822,0.585859,0.222222,school
5823,0.585859,0.232323,hospital
5824,0.585859,0.242424,hospital
5825,0.585859,0.252525,pharmacy
5826,0.585859,0.262626,restaurant
5827,0.585859,0.272727,school
5828,0.585859,0.282828,hospital
5829,0.585859,0.292929,hospital
5830,0.585859,0.30303,hospital
5831,0.585859,0.313131,hospital
5832,0.585859,0.323232,school
5833,0.585859,0.333333,restaurant
5834,0.585859,0.343434,pharmacy
5835,0.585859,0.353535,school
5836,0.585859,0.363636,restaurant
5837,0.585859,0.373737,restaurant
5838,0.585859,0.383838,hospital
5839,0.585859,0.393939,hospital
5840,0.585859,0.40404,school
5841,0.585859,0.414141,bank
5842,0.585859,0.424242,hospital
5843,0.585859,0.434343,hospital
5844,0.585859,0.444444,pharmacy
5845,0.585859,0.454545,restaurant
5846,0.585859,0.464646,bank
5847,0.585859,0.474747,pharmacy
5848,0.585859,0.484848,restaurant
5849,0.585859,0.494949,hospital
5850,0.585859,0.505051,school
5851,0.585859,0.515152,school
5852,0.585859,0.525253,school
5853,0.585859,0.535354,pharmacy
5854,0.585859,0.545455,school
5855,0.585859,0.555556,school
5856,0.585859,0.565657,restaurant
5857,0.585859,0.575758,school
5858,0.585859,0.585859,pharmacy
5859,0.585859,0.59596,hospital
5860,0.585859,0.606061,school
5861,0.585859,0.616162,pharmacy
5862,0.585859,0.626263,pharmacy
5863,0.585859,0.636364,hospital
5864,0.585859,0.646465,pharmacy
5865,0.585859,0.656566,hospital
5866,0.585859,0.666667,hospital
5867,0.585859,0.676768,bank
5868,0.585859,0.686869,restaurant
5869,0.585859,0.69697,school
5870,0.585859,0.707071,bank
5871,0.585859,0.717172,school
5872,0.585859,0.727273,bank
5873,0.585859,0.737374,restaurant
5874,0.585859,0.747475,school
5875,0.585859,0.757576,restaurant
5876,0.585859,0.767677,restaurant
5877,0.585859,0.777778,school
5878,0.585859,0.787879,hospital
5879,0.585859,0.79798,school
5880,0.585859,0.808081,pharmacy
5881,0.585859,0.818182,pharmacy
5882,0.585859,0.828283,bank
5883,0.585859,0.838384,bank
5884,0.585859,0.848485,school
5885,0.585859,0.858586,restaurant
5886,0.585859,0.868687,pharmacy
5887,0.585859,0.878788,school
5888,0.585859,0.888889,school
5889,0.585859,0.89899,pharmacy
5890,0.585859,0.909091,restaurant
5891,0.585859,0.919192,hospital
5892,0.585859,0.929293,pharmacy
5893,0.585859,0.939394,bank
5894,0.585859,0.949495,hospital
5895,0.585859,0.959596,restaurant
5896,0.585859,0.969697,school
5897,0.585859,0.979798,restaurant
5898,0.585859,0.989899,pharmacy
5899,0.585859,1.0,pharmacy
5900,0.59596,0.0,hospital
5901,0.59596,0.010101,restaurant
5902,0.59596,0.020202,hospital
5903,0.59596,0.030303,pharmacy
5904,0.59596,0.040404,pharmacy
5905,0.59596,0.050505,school
5906,0.59596,0.060606,hospital
5907,0.59596,0.070707,restaurant
5908,0.59596,0.080808,bank
5909,0.59596,0.090909,hospital
5910,0.59596,0.10101,bank
5911,0.59596,0.111111,pharmacy
5912,0.59596,0.121212,restaurant
5913,0.59596,0.131313,school
5914,0.59596,0.141414,school
5915,0.59596,0.151515,school
5916,0.59596,0.161616,restaurant
5917,0.59596,0.171717,restaurant
5918,0.59596,0.181818,pharmacy
5919,0.59596,0.191919,bank
5920,0.59596,0.20202,restaurant
5921,0.59596,0.212121,pharmacy
5922,0.59596,0.222222,pharmacy
5923,0.59596,0.232323,restaurant
5924,0.59596,0.242424,school
5925,0.59596,0.252525,bank
5926,0.59596,0.262626,restaurant
5927,0.59596,0.272727,restaurant
5928,0.59596,0.282828,school
5929,0.59596,0.292929,pharmacy
5930,0.59596,0.30303,pharmacy
5931,0.59596,0.313131,pharmacy
5932,0.59596,0.323232,restaurant
5933,0.59596,0.333333,bank
5934,0.59596,0.343434,restaurant
5935,0.59596,0.353535,school
5936,0.59596,0.363636,bank
5937,0.59596,0.373737,restaurant
5938,0.59596,0.383838,pharmacy
5939,0.59596,0.393939,bank
5940,0.59596,0.40404,restaurant
5941,0.59596,0.414141,restaurant
5942,0.59596,0.424242,restaurant
5943,0.59596,0.434343,school
5944,0.59596,0.444444,hospital
5945,0.59596,0.454545,school
5946,0.59596,0.464646,bank
5947,0.59596,0.474747,bank
5948,0.59596,0.484848,hospital
5949,0.59596,0.494949,hospital
5950,0.59596,0.505051,bank
5951,0.59596,0.515152,hospital
5952,0.59596,0.525253,hospital
5953,0.59596,0.535354,restaurant
5954,0.59596,0.545455,hospital
5955,0.59596,0.555556,hospital
5956,0.59596,0.565657,bank
5957,0.59596,0.575758,school
5958,0.59596,0.585859,restaurant
5959,0.59596,0.59596,bank
5960,0.59596,0.606061,bank
5961,0.59596,0.616162,hospital
5962,0.59596,0.626263,pharmacy
5963,0.59596,0.636364,pharmacy
5964,0.59596,0.646465,bank
5965,0.59596,0.656566,hospital
5966,0.59596,0.666667,school
5967,0.59596,0.676768,hospital
5968,0.59596,0.686869,bank
5969,0.59596,0.69697,school
5970,0.59596,0.707071,school
5971,0.59596,0.717172,school
5972,0.59596,0.727273,bank
5973,0.59596,0.737374,hospital
5974,0.59596,0.747475,pharmacy
5975,0.59596,0.757576,hospital
5976,0.59596,0.767677,restaurant
5977,0.59596,0.777778,bank
5978,0.59596,0.787879,bank
5979,0.59596,0.79798,bank
5980,0.59596,0.808081,hospital
5981,0.59596,0.818182,bank
5982,0.59596,0.828283,bank
5983,0.59596,0.838384,bank
5984,0.59596,0.848485,restaurant
5985,0.59596,0.858586,hospital
5986,0.59596,0.868687,bank
5987,0.59596,0.878788,school
5988,0.59596,0.888889,hospital
5989,0.59596,0.89899,bank
5990,0.59596,0.909091,hospital
5991,0.59596,0.919192,hospital
5992,0.59596,0.929293,pharmacy
5993,0.59596,0.939394,restaurant
5994,0.59596,0.949495,hospital
5995,0.59596,0.959596,restaurant
5996,0.59596,0.969697,bank
5997,0.59596,0.979798,school
5998,0.59596,0.989899,restaurant
5999,0.59596,1.0,school
6000,0.606061,0.0,school
6001,0.606061,0.010101,restaurant
6002,0.606061,0.020202,school
6003,0.606061,0.030303,hospital
6004,0.606061,0.040404,school
6005,0.606061,0.050505,bank
6006,0.606061,0.060606,hospital
6007,0.606061,0.070707,hospital
6008,0.606061,0.080808,hospital
6009,0.606061,0.090909,hospital
6010,0.606061,0.10101,restaurant
6011,0.606061,0.111111,bank
6012,0.606061,0.121212,school
6013,0.606061,0.131313,pharmacy
6014,0.606061,0.141414,pharmacy
6015,0.606061,0.151515,bank
6016,0.606061,0.161616,school
6017,0.606061,0.171717,pharmacy
6018,0.606061,0.181818,pharmacy
6019,0.606061,0.191919,bank
6020,0.606061,0.20202,school
6021,0.606061,0.212121,school
6022,0.606061,0.222222,bank
6023,0.606061,0.232323,pharmacy
6024,0.606061,0.242424,restaurant
6025,0.606061,0.252525,school
6026,0.606061,0.262626,pharmacy
6027,0.606061,0.272727,hospital
6028,0.606061,0.282828,bank
6029,0.606061,0.292929,pharmacy
6030,0.606061,0.30303,pharmacy
6031,0.606061,0.313131,hospital
6032,0.606061,0.323232,school
6033,0.606061,0.333333,hospital
6034,0.606061,0.343434,school
6035,0.606061,0.353535,hospital
6036,0.606061,0.363636,bank
6037,0.606061,0.373737,pharmacy
6038,0.606061,0.383838,pharmacy
6039,0.606061,0.393939,bank
6040,0.606061,0.40404,restaurant
6041,0.606061,0.414141,school
6042,0.606061,0.424242,hospital
6043,0.606061,0.434343,pharmacy
6044,0.606061,0.444444,school
6045,0.606061,0.454545,school
6046,0.606061,0.464646,restaurant
6047,0.606061,0.474747,school
6048,0.606061,0.484848,pharmacy
6049,0.606061,0.494949,pharmacy
6050,0.606061,0.505051,hospital
6051,0.606061,0.515152,restaurant
6052,0.606061,0.525253,school
6053,0.606061,0.535354,hospital
6054,0.606061,0.545455,restaurant
6055,0.606061,0.555556,hospital
6056,0.606061,0.565657,pharmacy
6057,0.606061,0.575758,bank
6058,0.606061,0.585859,pharmacy
6059,0.606061,0.59596,restaurant
6060,0.606061,0.606061,restaurant
6061,0.606061,0.616162,pharmacy
6062,0.606061,0.626263,restaurant
6063,0.606061,0.636364,pharmacy
6064,0.606061,0.646465,restaurant
6065,0.606061,0.656566,hospital
6066,0.606061,0.666667,pharmacy
6067,0.606061,0.676768,pharmacy
6068,0.606061,0.686869,school
6069,0.606061,0.69697,restaurant
6070,0.606061,0.707071,bank
6071,0.606061,0.717172,school
6072,0.606061,0.727273,bank
6073,0.606061,0.737374,hospital
6074,0.606061,0.747475,school
6075,0.606061,0.757576,bank
6076,0.606061,0.767677,pharmacy
6077,0.606061,0.777778,school
6078,0.606061,0.787879,restaurant
6079,0.606061,0.79798,pharmacy
6080,0.606061,0.808081,pharmacy
6081,0.606061,0.818182,school
6082,0.606061,0.828283,bank
6083,0.606061,0.838384,bank
6084,0.606061,0.848485,pharmacy
6085,0.606061,0.858586,hospital
6086,0.606061,0.868687,bank
6087,0.606061,0.878788,school
6088,0.606061,0.888889,restaurant
6089,0.606061,0.89899,bank
6090,0.606061,0.909091,pharmacy
6091,0.606061,0.919192,school
6092,0.606061,0.929293,school
6093,0.606061,0.939394,restaurant
6094,0.606061,0.949495,bank
6095,0.606061,0.959596,school
6096,0.606061,0.969697,restaurant
6097,0.606061,0.979798,bank
6098,0.606061,0.989899,bank
6099,0.606061,1.0,school
6100,0.616162,0.0,restaurant
6101,0.616162,0.010101,hospital
6102,0.616162,0.020202,bank
6103,0.616162,0.030303,restaurant
6104,0.616162,0.040404,restaurant
6105,0.616162,0.050505,restaurant
6106,0.616162,0.060606,hospital
6107,0.616162,0.070707,pharmacy
6108,0.616162,0.080808,pharmacy
6109,0.616162,0.090909,pharmacy
6110,0.616162,0.10101,school
6111,0.616162,0.111111,pharmacy
6112,0.616162,0.121212,restaurant
6113,0.616162,0.131313,school
6114,0.616162,0.141414,restaurant
6115,0.616162,0.151515,school
6116,0.616162,0.161616,school
6117,0.616162,0.171717,bank
6118,0.616162,0.181818,bank
6119,0.616162,0.191919,hospital
6120,0.616162,0.20202,restaurant
6121,0.616162,0.212121,bank
6122,0.616162,0.222222,pharmacy
6123,0.616162,0.232323,pharmacy
6124,0.616162,0.242424,hospital
6125,0.616162,0.252525,restaurant
6126,0.616162,0.262626,school
6127,0.616162,0.272727,hospital
6128,0.616162,0.282828,restaurant
6129,0.616162,0.292929,pharmacy
6130,0.616162,0.30303,bank
6131,0.616162,0.313131,school
6132,0.616162,0.323232,school
6133,0.616162,0.333333,bank
6134,0.616162,0.343434,bank
6135,0.616162,0.353535,bank
6136,0.616162,0.363636,bank
6137,0.616162,0.373737,hospital
6138,0.616162,0.383838,school
6139,0.616162,0.393939,pharmacy
6140,0.616162,0.40404,school
6141,0.616162,0.414141,bank
6142,0.616162,0.424242,restaurant
6143,0.616162,0.434343,restaurant
6144,0.616162,0.444444,pharmacy
6145,0.616162,0.454545,hospital
6146,0.616162,0.464646,hospital
6147,0.616162,0.474747,bank
6148,0.616162,0.484848,hospital
6149,0.616162,0.494949,pharmacy
6150,0.616162,0.505051,restaurant
6151,0.616162,0.515152,restaurant
6152,0.616162,0.525253,hospital
6153,0.616162,0.535354,hospital
6154,0.616162,0.545455,hospital
6155,0.616162,0.555556,school
6156,0.616162,0.565657,hospital
6157,0.616162,0.575758,restaurant
6158,0.616162,0.585859,restaurant
6159,0.616162,0.59596,bank
6160,0.616162,0.606061,hospital
6161,0.616162,0.616162,hospital
6162,0.616162,0.626263,pharmacy
6163,0.616162,0.636364,restaurant
6164,0.616162,0.646465,bank
6165,0.616162,0.656566,school
6166,0.616162,0.666667,pharmacy
6167,0.616162,0.676768,pharmacy
6168,0.616162,0.686869,school
6169,0.616162,0.69697,hospital
6170,0.616162,0.707071,bank
6171,0.616162,0.717172,school
6172,0.616162,0.727273,school
6173,0.616162,0.737374,restaurant
6174,0.616162,0.747475,bank
6175,0.616162,0.757576,school
6176,0.616162,0.767677,hospital
6177,0.616162,0.777778,school
6178,0.616162,0.787879,school
6179,0.616162,0.79798,pharmacy
6180,0.616162,0.808081,hospital
6181,0.616162,0.818182,restaurant
6182,0.616162,0.828283,hospital
6183,0.616162,0.838384,pharmacy
6184,0.616162,0.848485,bank
6185,0.616162,0.858586,pharmacy
6186,0.616162,0.868687,restaurant
6187,0.616162,0.878788,school
6188,0.616162,0.888889,hospital
6189,0.616162,0.89899,hospital
6190,0.616162,0.909091,school
6191,0.616162,0.919192,school
6192,0.616162,0.929293,school
6193,0.616162,0.939394,restaurant
6194,0.616162,0.949495,pharmacy
6195,0.616162,0.959596,restaurant
6196,0.616162,0.969697,bank
6197,0.616162,0.979798,pharmacy
6198,0.616162,0.989899,school
6199,0.616162,1.0,pharmacy
6200,0.626263,0.0,restaurant
6201,0.626263,0.010101,hospital
6202,0.626263,0.020202,restaurant
6203,0.626263,0.030303,bank
6204,0.626263,0.040404,restaurant
6205,0.626263,0.050505,school
6206,0.626263,0.060606,bank
6207,0.626263,0.070707,hospital
6208,0.626263,0.080808,school
6209,0.626263,0.090909,pharmacy
6210,0.626263,0.10101,restaurant
6211,0.626263,0.111111,restaurant
6212,0.626263,0.121212,school
6213,0.626263,0.131313,pharmacy
6214,0.626263,0.141414,pharmacy
6215,0.626263,0.151515,hospital
6216,0.626263,0.161616,restaurant
6217,0.626263,0.171717,bank
6218,0.626263,0.181818,restaurant
6219,0.626263,0.191919,hospital
6220,0.626263,0.20202,school
6221,0.626263,0.212121,bank
6222,0.626263,0.222222,restaurant
6223,0.626263,0.232323,school
6224,0.626263,0.242424,restaurant
6225,0.626263,0.252525,pharmacy
6226,0.626263,0.262626,restaurant
6227,0.626263,0.272727,school
6228,0.626263,0.282828,hospital
6229,0.626263,0.292929,pharmacy
6230,0.626263,0.30303,hospital
6231,0.626263,0.313131,restaurant
6232,0.626263,0.323232,hospital
6233,0.626263,0.333333,pharmacy
6234,0.626263,0.343434,hospital
6235,0.626263,0.353535,restaurant
6236,0.626263,0.363636,restaurant
6237,0.626263,0.373737,hospital
6238,0.626263,0.383838,pharmacy
6239,0.626263,0.393939,bank
6240,0.626263,0.40404,school
6241,0.626263,0.414141,bank
6242,0.626263,0.424242,hospital
6243,0.626263,0.434343,pharmacy
6244,0.626263,0.444444,bank
6245,0.626263,0.454545,hospital
6246,0.626263,0.464646,pharmacy
6247,0.626263,0.474747,pharmacy
6248,0.626263,0.484848,bank
6249,0.626263,0.494949,hospital
6250,0.626263,0.505051,bank
6251,0.626263,0.515152,restaurant
6252,0.626263,0.525253,bank
6253,0.626263,0.535354,hospital
6254,0.626263,0.545455,pharmacy
6255,0.626263,0.555556,bank
6256,0.626263,0.565657,restaurant
6257,0.626263,0.575758,bank
6258,0.626263,0.585859,school
6259,0.626263,0.59596,bank
6260,0.626263,0.606061,restaurant
6261,0.626263,0.616162,restaurant
6262,0.626263,0.626263,pharmacy
6263,0.626263,0.636364,bank
6264,0.626263,0.646465,pharmacy
6265,0.626263,0.656566,school
6266,0.626263,0.666667,restaurant
6267,0.626263,0.676768,pharmacy
6268,0.626263,0.686869,pharmacy
6269,0.626263,0.69697,hospital
6270,0.626263,0.707071,bank
6271,0.626263,0.717172,pharmacy
6272,0.626263,0.727273,hospital
6273,0.626263,0.737374,hospital
6274,0.626263,0.747475,hospital
6275,0.626263,0.757576,bank
6276,0.626263,0.767677,hospital
6277,0.626263,0.777778,bank
6278,0.626263,0.787879,restaurant
6279,0.626263,0.79798,pharmacy
6280,0.626263,0.808081,pharmacy
6281,0.626263,0.818182,restaurant
6282,0.626263,0.828283,school
6283,0.626263,0.838384,school
6284,0.626263,0.848485,bank
6285,0.626263,0.858586,bank
6286,0.626263,0.868687,pharmacy
6287,0.626263,0.878788,school
6288,0.626263,0.888889,bank
6289,0.626263,0.89899,restaurant
6290,0.626263,0.909091,pharmacy
6291,0.626263,0.919192,hospital
6292,0.626263,0.929293,school
6293,0.626263,0.939394,restaurant
6294,0.626263,0.949495,bank
6295,0.626263,0.959596,bank
6296,0.626263,0.969697,bank
6297,0.626263,0.979798,school
6298,0.626263,0.989899,pharmacy
6299,0.626263,1.0,pharmacy
6300,0.636364,0.0,school
6301,0.636364,0.010101,hospital
6302,0.636364,0.020202,restaurant
6303,0.636364,0.030303,restaurant
6304,0.636364,0.040404,pharmacy
6305,0.636364,0.050505,hospital
6306,0.636364,0.060606,restaurant
6307,0.636364,0.070707,restaurant
6308,0.636364,0.080808,restaurant
6309,0.636364,0.090909,pharmacy
6310,0.636364,0.10101,hospital
6311,0.636364,0.111111,hospital
6312,0.636364,0.121212,hospital
6313,0.636364,0.131313,hospital
6314,0.636364,0.141414,hospital
6315,0.636364,0.151515,bank
6316,0.636364,0.161616,pharmacy
6317,0.636364,0.171717,bank
6318,0.636364,0.181818,hospital
6319,0.636364,0.191919,restaurant
6320,0.636364,0.20202,pharmacy
6321,0.636364,0.212121,pharmacy
6322,0.636364,0.222222,pharmacy
6323,0.636364,0.232323,bank
6324,0.636364,0.242424,pharmacy
6325,0.636364,0.252525,school
6326,0.636364,0.262626,school
6327,0.636364,0.272727,school
6328,0.636364,0.282828,pharmacy
6329,0.636364,0.292929,bank
6330,0.636364,0.30303,bank
6331,0.636364,0.313131,hospital
6332,0.636364,0.323232,school
6333,0.636364,0.333333,hospital
6334,0.636364,0.343434,hospital
6335,0.636364,0.353535,bank
6336,0.636364,0.363636,hospital
6337,0.636364,0.373737,restaurant
6338,0.636364,0.383838,hospital
6339,0.636364,0.393939,bank
6340,0.636364,0.40404,school
6341,0.636364,0.414141,pharmacy
6342,0.636364,0.424242,school
6343,0.636364,0.434343,school
6344,0.636364,0.444444,restaurant
6345,0.636364,0.454545,school
6346,0.636364,0.464646,bank
6347,0.636364,0.474747,hospital
6348,0.636364,0.484848,bank
6349,0.636364,0.494949,school
6350,0.636364,0.505051,pharmacy
6351,0.636364,0.515152,hospital
6352,0.636364,0.525253,bank
6353,0.636364,0.535354,pharmacy
6354,0.636364,0.545455,hospital
6355,0.636364,0.555556,hospital
6356,0.636364,0.565657,bank
6357,0.636364,0.575758,restaurant
6358,0.636364,0.585859,bank
6359,0.636364,0.59596,restaurant
6360,0.636364,0.606061,bank
6361,0.636364,0.616162,restaurant
6362,0.636364,0.626263,bank
6363,0.636364,0.636364,school
6364,0.636364,0.646465,restaurant
6365,0.636364,0.656566,bank
6366,0.636364,0.666667,pharmacy
6367,0.636364,0.676768,school
6368,0.636364,0.686869,hospital
6369,0.636364,0.69697,hospital
6370,0.636364,0.707071,hospital
6371,0.636364,0.717172,restaurant
6372,0.636364,0.727273,school
6373,0.636364,0.737374,restaurant
6374,0.636364,0.747475,bank
6375,0.636364,0.757576,pharmacy
6376,0.636364,0.767677,school
6377,0.636364,0.777778,hospital
6378,0.636364,0.787879,pharmacy
6379,0.636364,0.79798,bank
6380,0.636364,0.808081,school
6381,0.636364,0.818182,bank
6382,0.636364,0.828283,hospital
6383,0.636364,0.838384,bank
6384,0.636364,0.848485,restaurant
6385,0.636364,0.858586,pharmacy
6386,0.636364,0.868687,bank
6387,0.636364,0.878788,restaurant
6388,0.636364,0.888889,bank
6389,0.636364,0.89899,bank
6390,0.636364,0.909091,pharmacy
6391,0.636364,0.919192,hospital
6392,0.636364,0.929293,pharmacy
6393,0.636364,0.939394,school
6394,0.636364,0.949495,hospital
6395,0.636364,0.959596,hospital
6396,0.636364,0.969697,hospital
6397,0.636364,0.979798,school
6398,0.636364,0.989899,restaurant
6399,0.636364,1.0,school
6400,0.646465,0.0,bank
6401,0.646465,0.010101,hospital
6402,0.646465,0.020202,school
6403,0.646465,0.030303,bank
6404,0.646465,0.040404,hospital
6405,0.646465,0.050505,school
6406,0.646465,0.060606,bank
6407,0.646465,0.070707,hospital
6408,0.646465,0.080808,school
6409,0.646465,0.090909,bank
6410,0.646465,0.10101,pharmacy
6411,0.646465,0.111111,restaurant
6412,0.646465,0.121212,restaurant
6413,0.646465,0.131313,restaurant
6414,0.646465,0.141414,hospital
6415,0.646465,0.151515,restaurant
6416,0.646465,0.161616,restaurant
6417,0.646465,0.171717,hospital
6418,0.646465,0.181818,bank
6419,0.646465,0.191919,school
6420,0.646465,0.20202,school
6421,0.646465,0.212121,school
6422,0.646465,0.222222,bank
6423,0.646465,0.232323,hospital
6424,0.646465,0.242424,bank
6425,0.646465,0.252525,bank
6426,0.646465,0.262626,bank
6427,0.646465,0.272727,pharmacy
6428,0.646465,0.282828,hospital
6429,0.646465,0.292929,restaurant
6430,0.646465,0.30303,bank
6431,0.646465,0.313131,school
6432,0.646465,0.323232,pharmacy
6433,0.646465,0.333333,school
6434,0.646465,0.343434,restaurant
6435,0.646465,0.353535,hospital
6436,0.646465,0.363636,bank
6437,0.646465,0.373737,school
6438,0.646465,0.383838,pharmacy
6439,0.646465,0.393939,school
6440,0.646465,0.40404,restaurant
6441,0.646465,0.414141,bank
6442,0.646465,0.424242,pharmacy
6443,0.646465,0.434343,school
6444,0.646465,0.444444,hospital
6445,0.646465,0.454545,hospital
6446,0.646465,0.464646,bank
6447,0.646465,0.474747,school
6448,0.646465,0.484848,school
6449,0.646465,0.494949,hospital
6450,0.646465,0.505051,bank
6451,0.646465,0.515152,hospital
6452,0.646465,0.525253,pharmacy
6453,0.646465,0.535354,bank
6454,0.646465,0.545455,bank
6455,0.646465,0.555556,bank
6456,0.646465,0.565657,restaurant
6457,0.646465,0.575758,hospital
6458,0.646465,0.585859,bank
6459,0.646465,0.59596,hospital
6460,0.646465,0.606061,pharmacy
6461,0.646465,0.616162,restaurant
6462,0.646465,0.626263,restaurant
6463,0.646465,0.636364,hospital
6464,0.646465,0.646465,restaurant
6465,0.646465,0.656566,school
6466,0.646465,0.666667,restaurant
6467,0.646465,0.676768,hospital
6468,0.646465,0.686869,school
6469,0.646465,0.69697,school
6470,0.646465,0.707071,hospital
6471,0.646465,0.717172,bank
6472,0.646465,0.727273,hospital
6473,0.646465,0.737374,bank
6474,0.646465,0.747475,pharmacy
6475,0.646465,0.757576,school
6476,0.646465,0.767677,hospital
6477,0.646465,0.777778,hospital
6478,0.646465,0.787879,restaurant
6479,0.646465,0.79798,bank
6480,0.646465,0.808081,bank
6481,0.646465,0.818182,school
6482,0.646465,0.828283,bank
6483,0.646465,0.838384,hospital
6484,0.646465,0.848485,bank
6485,0.646465,0.858586,hospital
6486,0.646465,0.868687,bank
6487,0.646465,0.878788,restaurant
6488,0.646465,0.888889,bank
6489,0.646465,0.89899,restaurant
6490,0.646465,0.909091,pharmacy
6491,0.646465,0.919192,restaurant
6492,0.646465,0.929293,pharmacy
6493,0.646465,0.939394,pharmacy
6494,0.646465,0.949495,school
6495,0.646465,0.959596,pharmacy
6496,0.646465,0.969697,pharmacy
6497,0.646465,0.979798,hospital
6498,0.646465,0.989899,restaurant
6499,0.646465,1.0,pharmacy
6500,0.656566,0.0,hospital
6501,0.656566,0.010101,school
6502,0.656566,0.020202,restaurant
6503,0.656566,0.030303,hospital
6504,0.656566,0.040404,restaurant
6505,0.656566,0.050505,restaurant
6506,0.656566,0.060606,pharmacy
6507,0.656566,0.070707,pharmacy
6508,0.656566,0.080808,pharmacy
6509,0.656566,0.090909,hospital
6510,0.656566,0.10101,pharmacy
6511,0.656566,0.111111,restaurant
6512,0.656566,0.121212,pharmacy
6513,0.656566,0.131313,hospital
6514,0.656566,0.141414,pharmacy
6515,0.656566,0.151515,bank
6516,0.656566,0.161616,school
6517,0.656566,0.171717,school
6518,0.656566,0.181818,pharmacy
6519,0.656566,0.191919,hospital
6520,0.656566,0.20202,bank
6521,0.656566,0.212121,pharmacy
6522,0.656566,0.222222,restaurant
6523,0.656566,0.232323,restaurant
6524,0.656566,0.242424,bank
6525,0.656566,0.252525,school
6526,0.656566,0.262626,restaurant
6527,0.656566,0.272727,pharmacy
6528,0.656566,0.282828,school
6529,0.656566,0.292929,hospital
6530,0.656566,0.30303,pharmacy
6531,0.656566,0.313131,pharmacy
6532,0.656566,0.323232,school
6533,0.656566,0.333333,pharmacy
6534,0.656566,0.343434,restaurant
6535,0.656566,0.353535,restaurant
6536,0.656566,0.363636,school
6537,0.656566,0.373737,bank
6538,0.656566,0.383838,restaurant
6539,0.656566,0.393939,school
6540,0.656566,0.40404,restaurant
6541,0.656566,0.414141,hospital
6542,0.656566,0.424242,school
6543,0.656566,0.434343,restaurant
6544,0.656566,0.444444,restaurant
6545,0.656566,0.454545,school
6546,0.656566,0.464646,restaurant
6547,0.656566,0.474747,bank
6548,0.656566,0.484848,restaurant
6549,0.656566,0.494949,hospital
6550,0.656566,0.505051,hospital
6551,0.656566,0.515152,school
6552,0.656566,0.525253,restaurant
6553,0.656566,0.535354,restaurant
6554,0.656566,0.545455,bank
6555,0.656566,0.555556,restaurant
6556,0.656566,0.565657,pharmacy
6557,0.656566,0.575758,bank
6558,0.656566,0.585859,restaurant
6559,0.656566,0.59596,restaurant
6560,0.656566,0.606061,school
6561,0.656566,0.616162,bank
6562,0.656566,0.626263,school
6563,0.656566,0.636364,pharmacy
6564,0.656566,0.646465,pharmacy
6565,0.656566,0.656566,restaurant
6566,0.656566,0.666667,hospital
6567,0.656566,0.676768,restaurant
6568,0.656566,0.686869,restaurant
6569,0.656566,0.69697,school
6570,0.656566,0.707071,bank
6571,0.656566,0.717172,hospital
6572,0.656566,0.727273,school
6573,0.656566,0.737374,bank
6574,0.656566,0.747475,restaurant
6575,0.656566,0.757576,hospital
6576,0.656566,0.767677,restaurant
6577,0.656566,0.777778,school
6578,0.656566,0.787879,bank
6579,0.656566,0.79798,hospital
6580,0.656566,0.808081,restaurant
6581,0.656566,0.818182,school
6582,0.656566,0.828283,school
6583,0.656566,0.838384,restaurant
6584,0.656566,0.848485,school
6585,0.656566,0.858586,hospital
6586,0.656566,0.868687,restaurant
6587,0.656566,0.878788,hospital
6588,0.656566,0.888889,hospital
6589,0.656566,0.89899,hospital
6590,0.656566,0.909091,restaurant
6591,0.656566,0.919192,restaurant
6592,0.656566,0.929293,bank
6593,0.656566,0.939394,hospital
6594,0.656566,0.949495,restaurant
6595,0.656566,0.959596,bank
6596,0.656566,0.969697,hospital
6597,0.656566,0.979798,bank
6598,0.656566,0.989899,school
6599,0.656566,1.0,school
6600,0.666667,0.0,hospital
6601,0.666667,0.010101,hospital
6602,0.666667,0.020202,restaurant
6603,0.666667,0.030303,pharmacy
6604,0.666667,0.040404,bank
6605,0.666667,0.050505,bank
6606,0.666667,0.060606,restaurant
6607,0.666667,0.070707,school
6608,0.666667,0.080808,pharmacy
6609,0.666667,0.090909,school
6610,0.666667,0.10101,pharmacy
6611,0.666667,0.111111,restaurant
6612,0.666667,0.121212,bank
6613,0.666667,0.131313,school
6614,0.666667,0.141414,school
6615,0.666667,0.151515,hospital
6616,0.666667,0.161616,school
6617,0.666667,0.171717,bank
6618,0.666667,0.181818,restaurant
6619,0.666667,0.191919,bank
6620,0.666667,0.20202,restaurant
6621,0.666667,0.212121,restaurant
6622,0.666667,0.222222,hospital
6623,0.666667,0.232323,bank
6624,0.666667,0.242424,pharmacy
6625,0.666667,0.252525,hospital
6626,0.666667,0.262626,hospital
6627,0.666667,0.272727,bank
6628,0.666667,0.282828,pharmacy
6629,0.666667,0.292929,pharmacy
6630,0.666667,0.30303,pharmacy
6631,0.666667,0.313131,hospital
6632,0.666667,0.323232,restaurant
6633,0.666667,0.333333,bank
6634,0.666667,0.343434,hospital
6635,0.666667,0.353535,hospital
6636,0.666667,0.363636,hospital
6637,0.666667,0.373737,school
6638,0.666667,0.383838,pharmacy
6639,0.666667,0.393939,pharmacy
6640,0.666667,0.40404,restaurant
6641,0.666667,0.414141,bank
6642,0.666667,0.424242,bank
6643,0.666667,0.434343,pharmacy
6644,0.666667,0.444444,restaurant
6645,0.666667,0.454545,pharmacy
6646,0.666667,0.464646,pharmacy
6647,0.666667,0.474747,bank
6648,0.666667,0.484848,pharmacy
6649,0.666667,0.494949,school
6650,0.666667,0.505051,bank
6651,0.666667,0.515152,hospital
6652,0.666667,0.525253,hospital
6653,0.666667,0.535354,school
6654,0.666667,0.545455,restaurant
6655,0.666667,0.555556,school
6656,0.666667,0.565657,restaurant
6657,0.666667,0.575758,bank
6658,0.666667,0.585859,hospital
6659,0.666667,0.59596,bank
6660,0.666667,0.606061,restaurant
6661,0.666667,0.616162,school
6662,0.666667,0.626263,hospital
6663,0.666667,0.636364,school
6664,0.666667,0.646465,hospital
6665,0.666667,0.656566,restaurant
6666,0.666667,0.666667,pharmacy
6667,0.666667,0.676768,hospital
6668,0.666667,0.686869,school
6669,0.666667,0.69697,bank
6670,0.666667,0.707071,pharmacy
6671,0.666667,0.717172,pharmacy
6672,0.666667,0.727273,restaurant
6673,0.666667,0.737374,restaurant
6674,0.666667,0.747475,school
6675,0.666667,0.757576,school
6676,0.666667,0.767677,school
6677,0.666667,0.777778,bank
6678,0.666667,0.787879,bank
6679,0.666667,0.79798,school
6680,0.666667,0.808081,school
6681,0.666667,0.818182,hospital
6682,0.666667,0.828283,pharmacy
6683,0.666667,0.838384,pharmacy
6684,0.666667,0.848485,hospital
6685,0.666667,0.858586,pharmacy
6686,0.666667,0.868687,school
6687,0.666667,0.878788,pharmacy
6688,0.666667,0.888889,school
6689,0.666667,0.89899,hospital
6690,0.666667,0.909091,bank
6691,0.666667,0.919192,restaurant
6692,0.666667,0.929293,school
6693,0.666667,0.939394,bank
6694,0.666667,0.949495,restaurant
6695,0.666667,0.959596,school
6696,0.666667,0.969697,hospital
6697,0.666667,0.979798,bank
6698,0.666667,0.989899,bank
6699,0.666667,1.0,bank
6700,0.676768,0.0,bank
6701,0.676768,0.010101,hospital
6702,0.676768,0.020202,restaurant
6703,0.676768,0.030303,bank
6704,0.676768,0.040404,school
6705,0.676768,0.050505,school
6706,0.676768,0.060606,pharmacy
6707,0.676768,0.070707,school
6708,0.676768,0.080808,restaurant
6709,0.676768,0.090909,restaurant
6710,0.676768,0.10101,pharmacy
6711,0.676768,0.111111,restaurant
6712,0.676768,0.121212,hospital
6713,0.676768,0.131313,bank
6714,0.676768,0.141414,pharmacy
6715,0.676768,0.151515,pharmacy
6716,0.676768,0.161616,school
6717,0.676768,0.171717,bank
6718,0.676768,0.181818,restaurant
6719,0.676768,0.191919,restaurant
6720,0.676768,0.20202,pharmacy
6721,0.676768,0.212121,hospital
6722,0.676768,0.222222,hospital
6723,0.676768,0.232323,school
6724,0.676768,0.242424,restaurant
6725,0.676768,0.252525,restaurant
6726,0.676768,0.262626,pharmacy
6727,0.676768,0.272727,pharmacy
6728,0.676768,0.282828,pharmacy
6729,0.676768,0.292929,pharmacy
6730,0.676768,0.30303,restaurant
6731,0.676768,0.313131,restaurant
6732,0.676768,0.323232,bank
6733,0.676768,0.333333,pharmacy
6734,0.676768,0.343434,restaurant
6735,0.676768,0.353535,bank
6736,0.676768,0.363636,restaurant
6737,0.676768,0.373737,pharmacy
6738,0.676768,0.383838,restaurant
6739,0.676768,0.393939,hospital
6740,0.676768,0.40404,restaurant
6741,0.676768,0.414141,bank
6742,0.676768,0.424242,restaurant
6743,0.676768,0.434343,hospital
6744,0.676768,0.444444,school
6745,0.676768,0.454545,bank
6746,0.676768,0.464646,restaurant
6747,0.676768,0.474747,hospital
6748,0.676768,0.484848,school
6749,0.676768,0.494949,bank
6750,0.676768,0.505051,hospital
6751,0.676768,0.515152,hospital
6752,0.676768,0.525253,pharmacy
6753,0.676768,0.535354,school
6754,0.676768,0.545455,restaurant
6755,0.676768,0.555556,school
6756,0.676768,0.565657,restaurant
6757,0.676768,0.575758,hospital
6758,0.676768,0.585859,hospital
6759,0.676768,0.59596,school
6760,0.676768,0.606061,hospital
6761,0.676768,0.616162,restaurant
6762,0.676768,0.626263,bank
6763,0.676768,0.636364,bank
6764,0.676768,0.646465,school
6765,0.676768,0.656566,hospital
6766,0.676768,0.666667,restaurant
6767,0.676768,0.676768,school
6768,0.676768,0.686869,bank
6769,0.676768,0.69697,school
6770,0.676768,0.707071,pharmacy
6771,0.676768,0.717172,school
6772,0.676768,0.727273,hospital
6773,0.676768,0.737374,pharmacy
6774,0.676768,0.747475,hospital
6775,0.676768,0.757576,bank
6776,0.676768,0.767677,hospital
6777,0.676768,0.777778,hospital
6778,0.676768,0.787879,restaurant
6779,0.676768,0.79798,pharmacy
6780,0.676768,0.808081,hospital
6781,0.676768,0.818182,pharmacy
6782,0.676768,0.828283,hospital
6783,0.676768,0.838384,pharmacy
6784,0.676768,0.848485,restaurant
6785,0.676768,0.858586,restaurant
6786,0.676768,0.868687,pharmacy
6787,0.676768,0.878788,pharmacy
6788,0.676768,0.888889,hospital
6789,0.676768,0.89899,school
6790,0.676768,0.909091,pharmacy
6791,0.676768,0.919192,bank
6792,0.676768,0.929293,hospital
6793,0.676768,0.939394,restaurant
6794,0.676768,0.949495,restaurant
6795,0.676768,0.959596,restaurant
6796,0.676768,0.969697,hospital
6797,0.676768,0.979798,pharmacy
6798,0.676768,0.989899,pharmacy
6799,0.676768,1.0,pharmacy
6800,0.686869,0.0,hospital
6801,0.686869,0.010101,school
6802,0.686869,0.020202,restaurant
6803,0.686869,0.030303,pharmacy
6804,0.686869,0.040404,hospital
6805,0.686869,0.050505,restaurant
6806,0.686869,0.060606,school
6807,0.686869,0.070707,school
6808,0.686869,0.080808,pharmacy
6809,0.686869,0.090909,hospital
6810,0.686869,0.10101,bank
6811,0.686869,0.111111,bank
6812,0.686869,0.121212,bank
6813,0.686869,0.131313,pharmacy
6814,0.686869,0.141414,pharmacy
6815,0.686869,0.151515,bank
6816,0.686869,0.161616,pharmacy
6817,0.686869,0.171717,pharmacy
6818,0.686869,0.181818,hospital
6819,0.686869,0.191919,restaurant
6820,0.686869,0.20202,bank
6821,0.686869,0.212121,hospital
6822,0.686869,0.222222,pharmacy
6823,0.686869,0.232323,bank
6824,0.686869,0.242424,bank
6825,0.686869,0.252525,pharmacy
6826,0.686869,0.262626,hospital
6827,0.686869,0.272727,school
6828,0.686869,0.282828,bank
6829,0.686869,0.292929,school
6830,0.686869,0.30303,pharmacy
6831,0.686869,0.313131,hospital
6832,0.686869,0.323232,hospital
6833,0.686869,0.333333,hospital
6834,0.686869,0.343434,restaurant
6835,0.686869,0.353535,restaurant
6836,0.686869,0.363636,pharmacy
6837,0.686869,0.373737,bank
6838,0.686869,0.383838,hospital
6839,0.686869,0.393939,restaurant
6840,0.686869,0.40404,restaurant
6841,0.686869,0.414141,bank
6842,0.686869,0.424242,bank
6843,0.686869,0.434343,bank
6844,0.686869,0.444444,pharmacy
6845,0.686869,0.454545,bank
6846,0.686869,0.464646,bank
6847,0.686869,0.474747,hospital
6848,0.686869,0.484848,restaurant
6849,0.686869,0.494949,restaurant
6850,0.686869,0.505051,restaurant
6851,0.686869,0.515152,bank
6852,0.686869,0.525253,hospital
6853,0.686869,0.535354,school
6854,0.686869,0.545455,pharmacy
6855,0.686869,0.555556,restaurant
6856,0.686869,0.565657,pharmacy
6857,0.686869,0.575758,bank
6858,0.686869,0.585859,bank
6859,0.686869,0.59596,restaurant
6860,0.686869,0.606061,hospital
6861,0.686869,0.616162,restaurant
6862,0.686869,0.626263,bank
6863,0.686869,0.636364,pharmacy
6864,0.686869,0.646465,school
6865,0.686869,0.656566,pharmacy
6866,0.686869,0.666667,pharmacy
6867,0.686869,0.676768,hospital
6868,0.686869,0.686869,school
6869,0.686869,0.69697,pharmacy
6870,0.686869,0.707071,school
6871,0.686869,0.717172,school
6872,0.686869,0.727273,school
6873,0.686869,0.737374,hospital
6874,0.686869,0.747475,hospital
6875,0.686869,0.757576,restaurant
6876,0.686869,0.767677,restaurant
6877,0.686869,0.777778,pharmacy
6878,0.686869,0.787879,hospital
6879,0.686869,0.79798,hospital
6880,0.686869,0.808081,restaurant
6881,0.686869,0.818182,school
6882,0.686869,0.828283,bank
6883,0.686869,0.838384,hospital
6884,0.686869,0.848485,bank
6885,0.686869,0.858586,hospital
6886,0.686869,0.868687,school
6887,0.686869,0.878788,restaurant
6888,0.686869,0.888889,school
6889,0.686869,0.89899,pharmacy
6890,0.686869,0.909091,restaurant
6891,0.686869,0.919192,pharmacy
6892,0.686869,0.929293,school
6893,0.686869,0.939394,bank
6894,0.686869,0.949495,pharmacy
6895,0.686869,0.959596,restaurant
6896,0.686869,0.969697,school
6897,0.686869,0.979798,hospital
6898,0.686869,0.989899,hospital
6899,0.686869,1.0,restaurant
6900,0.69697,0.0,school
6901,0.69697,0.010101,school
6902,0.69697,0.020202,hospital
6903,0.69697,0.030303,pharmacy
6904,0.69697,0.040404,hospital
6905,0.69697,0.050505,school
6906,0.69697,0.060606,hospital
6907,0.69697,0.070707,school
6908,0.69697,0.080808,pharmacy
6909,0.69697,0.090909,hospital
6910,0.69697,0.10101,hospital
6911,0.69697,0.111111,hospital
6912,0.69697,0.121212,restaurant
6913,0.69697,0.131313,pharmacy
6914,0.69697,0.141414,bank
6915,0.69697,0.151515,restaurant
6916,0.69697,0.161616,restaurant
6917,0.69697,0.171717,restaurant
6918,0.69697,0.181818,bank
6919,0.69697,0.191919,school
6920,0.69697,0.20202,restaurant
6921,0.69697,0.212121,school
6922,0.69697,0.222222,pharmacy
6923,0.69697,0.232323,pharmacy
6924,0.69697,0.242424,hospital
6925,0.69697,0.252525,restaurant
6926,0.69697,0.262626,school
6927,0.69697,0.272727,bank
6928,0.69697,0.282828,restaurant
6929,0.69697,0.292929,restaurant
6930,0.69697,0.30303,hospital
6931,0.69697,0.313131,pharmacy
6932,0.69697,0.323232,pharmacy
6933,0.69697,0.333333,pharmacy
6934,0.69697,0.343434,pharmacy
6935,0.69697,0.353535,hospital
6936,0.69697,0.363636,hospital
6937,0.69697,0.373737,restaurant
6938,0.69697,0.383838,bank
6939,0.69697,0.393939,school
6940,0.69697,0.40404,school
6941,0.69697,0.414141,school
6942,0.69697,0.424242,school
6943,0.69697,0.434343,hospital
6944,0.69697,0.444444,bank
6945,0.69697,0.454545,hospital
6946,0.69697,0.464646,school
6947,0.69697,0.474747,hospital
6948,0.69697,0.484848,pharmacy
6949,0.69697,0.494949,hospital
6950,0.69697,0.505051,restaurant
6951,0.69697,0.515152,hospital
6952,0.69697,0.525253,school
6953,0.69697,0.535354,school
6954,0.69697,0.545455,restaurant
6955,0.69697,0.555556,hospital
6956,0.69697,0.565657,bank
6957,0.69697,0.575758,hospital
6958,0.69697,0.585859,pharmacy
6959,0.69697,0.59596,hospital
6960,0.69697,0.606061,hospital
6961,0.69697,0.616162,school
6962,0.69697,0.626263,pharmacy
6963,0.69697,0.636364,pharmacy
6964,0.69697,0.646465,hospital
6965,0.69697,0.656566,school
6966,0.69697,0.666667,pharmacy
6967,0.69697,0.676768,school
6968,0.69697,0.686869,bank
6969,0.69697,0.69697,bank
6970,0.69697,0.707071,hospital
6971,0.69697,0.717172,school
6972,0.69697,0.727273,bank
6973,0.69697,0.737374,pharmacy
6974,0.69697,0.747475,bank
6975,0.69697,0.757576,pharmacy
6976,0.69697,0.767677,school
6977,0.69697,0.777778,hospital
6978,0.69697,0.787879,restaurant
6979,0.69697,0.79798,pharmacy
6980,0.69697,0.808081,hospital
6981,0.69697,0.818182,pharmacy
6982,0.69697,0.828283,hospital
6983,0.69697,0.838384,restaurant
6984,0.69697,0.848485,restaurant
6985,0.69697,0.858586,bank
6986,0.69697,0.868687,school
6987,0.69697,0.878788,bank
6988,0.69697,0.888889,hospital
6989,0.69697,0.89899,restaurant
6990,0.69697,0.909091,hospital
6991,0.69697,0.919192,restaurant
6992,0.69697,0.929293,pharmacy
6993,0.69697,0.939394,bank
6994,0.69697,0.949495,bank
6995,0.69697,0.959596,pharmacy
6996,0.69697,0.969697,bank
6997,0.69697,0.979798,hospital
6998,0.69697,0.989899,hospital
6999,0.69697,1.0,hospital
7000,0.707071,0.0,bank
7001,0.707071,0.010101,restaurant
7002,0.707071,0.020202,restaurant
7003,0.707071,0.030303,bank
7004,0.707071,0.040404,restaurant
7005,0.707071,0.050505,school
7006,0.707071,0.060606,hospital
7007,0.707071,0.070707,restaurant
7008,0.707071,0.080808,bank
7009,0.707071,0.090909,restaurant
7010,0.707071,0.10101,school
7011,0.707071,0.111111,hospital
7012,0.707071,0.121212,restaurant
7013,0.707071,0.131313,hospital
7014,0.707071,0.141414,school
7015,0.707071,0.151515,bank
7016,0.707071,0.161616,hospital
7017,0.707071,0.171717,bank
7018,0.707071,0.181818,bank
7019,0.707071,0.191919,restaurant
7020,0.707071,0.20202,bank
7021,0.707071,0.212121,school
7022,0.707071,0.222222,school
7023,0.707071,0.232323,bank
7024,0.707071,0.242424,hospital
7025,0.707071,0.252525,hospital
7026,0.707071,0.262626,restaurant
7027,0.707071,0.272727,bank
7028,0.707071,0.282828,restaurant
7029,0.707071,0.292929,school
7030,0.707071,0.30303,school
7031,0.707071,0.313131,pharmacy
7032,0.707071,0.323232,school
7033,0.707071,0.333333,hospital
7034,0.707071,0.343434,restaurant
7035,0.707071,0.353535,school
7036,0.707071,0.363636,bank
7037,0.707071,0.373737,pharmacy
7038,0.707071,0.383838,pharmacy
7039,0.707071,0.393939,school
7040,0.707071,0.40404,school
7041,0.707071,0.414141,pharmacy
7042,0.707071,0.424242,pharmacy
7043,0.707071,0.434343,school
7044,0.707071,0.444444,restaurant
7045,0.707071,0.454545,hospital
7046,0.707071,0.464646,school
7047,0.707071,0.474747,school
7048,0.707071,0.484848,hospital
7049,0.707071,0.494949,bank
7050,0.707071,0.505051,pharmacy
7051,0.707071,0.515152,hospital
7052,0.707071,0.525253,school
7053,0.707071,0.535354,pharmacy
7054,0.707071,0.545455,hospital
7055,0.707071,0.555556,pharmacy
7056,0.707071,0.565657,pharmacy
7057,0.707071,0.575758,bank
7058,0.707071,0.585859,bank
7059,0.707071,0.59596,restaurant
7060,0.707071,0.606061,school
7061,0.707071,0.616162,bank
7062,0.707071,0.626263,bank
7063,0.707071,0.636364,restaurant
7064,0.707071,0.646465,school
7065,0.707071,0.656566,hospital
7066,0.707071,0.666667,hospital
7067,0.707071,0.676768,school
7068,0.707071,0.686869,hospital
7069,0.707071,0.69697,restaurant
7070,0.707071,0.707071,school
7071,0.707071,0.717172,hospital
7072,0.707071,0.727273,hospital
7073,0.707071,0.737374,school
7074,0.707071,0.747475,bank
7075,0.707071,0.757576,restaurant
7076,0.707071,0.767677,bank
7077,0.707071,0.777778,school
7078,0.707071,0.787879,school
7079,0.707071,0.79798,restaurant
7080,0.707071,0.808081,pharmacy
7081,0.707071,0.818182,pharmacy
7082,0.707071,0.828283,hospital
7083,0.707071,0.838384,restaurant
7084,0.707071,0.848485,bank
7085,0.707071,0.858586,hospital
7086,0.707071,0.868687,bank
7087,0.707071,0.878788,bank
7088,0.707071,0.888889,restaurant
7089,0.707071,0.89899,bank
7090,0.707071,0.909091,restaurant
7091,0.707071,0.919192,restaurant
7092,0.707071,0.929293,pharmacy
7093,0.707071,0.939394,hospital
7094,0.707071,0.949495,bank
7095,0.707071,0.959596,bank
7096,0.707071,0.969697,bank
7097,0.707071,0.979798,restaurant
7098,0.707071,0.989899,bank
7099,0.707071,1.0,restaurant
7100,0.717172,0.0,hospital
7101,0.717172,0.010101,pharmacy
7102,0.717172,0.020202,school
7103,0.717172,0.030303,pharmacy
7104,0.717172,0.040404,school
7105,0.717172,0.050505,bank
7106,0.717172,0.060606,bank
7107,0.717172,0.070707,pharmacy
7108,0.717172,0.080808,school
7109,0.717172,0.090909,restaurant
7110,0.717172,0.10101,school
7111,0.717172,0.111111,school
7112,0.717172,0.121212,school
7113,0.717172,0.131313,bank
7114,0.717172,0.141414,school
7115,0.717172,0.151515,hospital
7116,0.717172,0.161616,school
7117,0.717172,0.171717,hospital
7118,0.717172,0.181818,restaurant
7119,0.717172,0.191919,school
7120,0.717172,0.20202,school
7121,0.717172,0.212121,school
7122,0.717172,0.222222,pharmacy
7123,0.717172,0.232323,pharmacy
7124,0.717172,0.242424,restaurant
7125,0.717172,0.252525,bank
7126,0.717172,0.262626,pharmacy
7127,0.717172,0.272727,bank
7128,0.717172,0.282828,school
7129,0.717172,0.292929,restaurant
7130,0.717172,0.30303,hospital
7131,0.717172,0.313131,hospital
7132,0.717172,0.323232,school
7133,0.717172,0.333333,school
7134,0.717172,0.343434,pharmacy
7135,0.717172,0.353535,restaurant
7136,0.717172,0.363636,restaurant
7137,0.717172,0.373737,hospital
7138,0.717172,0.383838,pharmacy
7139,0.717172,0.393939,pharmacy
7140,0.717172,0.40404,hospital
7141,0.717172,0.414141,school
7142,0.717172,0.424242,hospital
7143,0.717172,0.434343,restaurant
7144,0.717172,0.444444,hospital
7145,0.717172,0.454545,bank
7146,0.717172,0.464646,pharmacy
7147,0.717172,0.474747,bank
7148,0.717172,0.484848,school
7149,0.717172,0.494949,bank
7150,0.717172,0.505051,bank
7151,0.717172,0.515152,pharmacy
7152,0.717172,0.525253,school
7153,0.717172,0.535354,restaurant
7154,0.717172,0.545455,pharmacy
7155,0.717172,0.555556,school
7156,0.717172,0.565657,bank
7157,0.717172,0.575758,bank
7158,0.717172,0.585859,bank
7159,0.717172,0.59596,school
7160,0.717172,0.606061,restaurant
7161,0.717172,0.616162,pharmacy
7162,0.717172,0.626263,bank
7163,0.717172,0.636364,school
7164,0.717172,0.646465,restaurant
7165,0.717172,0.656566,hospital
7166,0.717172,0.666667,school
7167,0.717172,0.676768,bank
7168,0.717172,0.686869,bank
7169,0.717172,0.69697,bank
7170,0.717172,0.707071,hospital
7171,0.717172,0.717172,pharmacy
7172,0.717172,0.727273,hospital
7173,0.717172,0.737374,bank
7174,0.717172,0.747475,bank
7175,0.717172,0.757576,pharmacy
7176,0.717172,0.767677,hospital
7177,0.717172,0.777778,pharmacy
7178,0.717172,0.787879,pharmacy
7179,0.717172,0.79798,bank
7180,0.717172,0.808081,hospital
7181,0.717172,0.818182,restaurant
7182,0.717172,0.828283,school
7183,0.717172,0.838384,school
7184,0.717172,0.848485,restaurant
7185,0.717172,0.858586,pharmacy
7186,0.717172,0.868687,hospital
7187,0.717172,0.878788,restaurant
7188,0.717172,0.888889,bank
7189,0.717172,0.89899,pharmacy
7190,0.717172,0.909091,bank
7191,0.717172,0.919192,pharmacy
7192,0.717172,0.929293,school
7193,0.717172,0.939394,restaurant
7194,0.717172,0.949495,pharmacy
7195,0.717172,0.959596,bank
7196,0.717172,0.969697,bank
7197,0.717172,0.979798,bank
7198,0.717172,0.989899,school
7199,0.717172,1.0,bank
7200,0.727273,0.0,pharmacy
7201,0.727273,0.010101,hospital
7202,0.727273,0.020202,pharmacy
7203,0.727273,0.030303,restaurant
7204,0.727273,0.040404,school
7205,0.727273,0.050505,restaurant
7206,0.727273,0.060606,hospital
7207,0.727273,0.070707,pharmacy
7208,0.727273,0.080808,school
7209,0.727273,0.090909,bank
7210,0.727273,0.10101,restaurant
7211,0.727273,0.111111,school
7212,0.727273,0.121212,pharmacy
7213,0.727273,0.131313,restaurant
7214,0.727273,0.141414,restaurant
7215,0.727273,0.151515,pharmacy
7216,0.727273,0.161616,restaurant
7217,0.727273,0.171717,pharmacy
7218,0.727273,0.181818,bank
7219,0.727273,0.191919,bank
7220,0.727273,0.20202,pharmacy
7221,0.727273,0.212121,school
7222,0.727273,0.222222,restaurant
7223,0.727273,0.232323,hospital
7224,0.727273,0.242424,restaurant
7225,0.727273,0.252525,bank
7226,0.727273,0.262626,restaurant
7227,0.727273,0.272727,pharmacy
7228,0.727273,0.282828,pharmacy
7229,0.727273,0.292929,restaurant
7230,0.727273,0.30303,restaurant
7231,0.727273,0.313131,restaurant
7232,0.727273,0.323232,hospital
7233,0.727273,0.333333,school
7234,0.727273,0.343434,pharmacy
7235,0.727273,0.353535,restaurant
7236,0.727273,0.363636,pharmacy
7237,0.727273,0.373737,pharmacy
7238,0.727273,0.383838,hospital
7239,0.727273,0.393939,school
7240,0.727273,0.40404,school
7241,0.727273,0.414141,restaurant
7242,0.727273,0.424242,pharmacy
7243,0.727273,0.434343,hospital
7244,0.727273,0.444444,hospital
7245,0.727273,0.454545,pharmacy
7246,0.727273,0.464646,hospital
7247,0.727273,0.474747,pharmacy
7248,0.727273,0.484848,bank
7249,0.727273,0.494949,bank
7250,0.727273,0.505051,restaurant
7251,0.727273,0.515152,hospital
7252,0.727273,0.525253,restaurant
7253,0.727273,0.535354,restaurant
7254,0.727273,0.545455,pharmacy
7255,0.727273,0.555556,hospital
7256,0.727273,0.565657,school
7257,0.727273,0.575758,school
7258,0.727273,0.585859,hospital
7259,0.727273,0.59596,bank
7260,0.727273,0.606061,restaurant
7261,0.727273,0.616162,bank
7262,0.727273,0.626263,hospital
7263,0.727273,0.636364,school
7264,0.727273,0.646465,pharmacy
7265,0.727273,0.656566,school
7266,0.727273,0.666667,bank
7267,0.727273,0.676768,hospital
7268,0.727273,0.686869,school
7269,0.727273,0.69697,school
7270,0.727273,0.707071,school
7271,0.727273,0.717172,hospital
7272,0.727273,0.727273,restaurant
7273,0.727273,0.737374,pharmacy
7274,0.727273,0.747475,restaurant
7275,0.727273,0.757576,school
7276,0.727273,0.767677,pharmacy
7277,0.727273,0.777778,school
7278,0.727273,0.787879,pharmacy
7279,0.727273,0.79798,school
7280,0.727273,0.808081,hospital
7281,0.727273,0.818182,school
7282,0.727273,0.828283,hospital
7283,0.727273,0.838384,pharmacy
7284,0.727273,0.848485,restaurant
7285,0.727273,0.858586,pharmacy
7286,0.727273,0.868687,school
7287,0.727273,0.878788,bank
7288,0.727273,0.888889,bank
7289,0.727273,0.89899,hospital
7290,0.727273,0.909091,bank
7291,0.727273,0.919192,pharmacy
7292,0.727273,0.929293,hospital
7293,0.727273,0.939394,restaurant
7294,0.727273,0.949495,restaurant
7295,0.727273,0.959596,school
7296,0.727273,0.969697,school
7297,0.727273,0.979798,restaurant
7298,0.727273,0.989899,restaurant
7299,0.727273,1.0,pharmacy
7300,0.737374,0.0,restaurant
7301,0.737374,0.010101,hospital
7302,0.737374,0.020202,pharmacy
7303,0.737374,0.030303,hospital
7304,0.737374,0.040404,hospital
7305,0.737374,0.050505,bank
7306,0.737374,0.060606,hospital
7307,0.737374,0.070707,pharmacy
7308,0.737374,0.080808,pharmacy
7309,0.737374,0.090909,hospital
7310,0.737374,0.10101,school
7311,0.737374,0.111111,restaurant
7312,0.737374,0.121212,bank
7313,0.737374,0.131313,pharmacy
7314,0.737374,0.141414,hospital
7315,0.737374,0.151515,hospital
7316,0.737374,0.161616,pharmacy
7317,0.737374,0.171717,hospital
7318,0.737374,0.181818,restaurant
7319,0.737374,0.191919,restaurant
7320,0.737374,0.20202,restaurant
7321,0.737374,0.212121,bank
7322,0.737374,0.222222,restaurant
7323,0.737374,0.232323,hospital
7324,0.737374,0.242424,school
7325,0.737374,0.252525,bank
7326,0.737374,0.262626,school
7327,0.737374,0.272727,hospital
7328,0.737374,0.282828,school
7329,0.737374,0.292929,school
7330,0.737374,0.30303,bank
7331,0.737374,0.313131,school
7332,0.737374,0.323232,school
7333,0.737374,0.333333,bank
7334,0.737374,0.343434,bank
7335,0.737374,0.353535,hospital
7336,0.737374,0.363636,school
7337,0.737374,0.373737,restaurant
7338,0.737374,0.383838,hospital
7339,0.737374,0.393939,bank
7340,0.737374,0.40404,pharmacy
7341,0.737374,0.414141,bank
7342,0.737374,0.424242,school
7343,0.737374,0.434343,school
7344,0.737374,0.444444,pharmacy
7345,0.737374,0.454545,pharmacy
7346,0.737374,0.464646,bank
7347,0.737374,0.474747,hospital
7348,0.737374,0.484848,school
7349,0.737374,0.494949,restaurant
7350,0.737374,0.505051,hospital
7351,0.737374,0.515152,bank
7352,0.737374,0.525253,restaurant
7353,0.737374,0.535354,pharmacy
7354,0.737374,0.545455,bank
7355,0.737374,0.555556,bank
7356,0.737374,0.565657,pharmacy
7357,0.737374,0.575758,bank
7358,0.737374,0.585859,pharmacy
7359,0.737374,0.59596,school
7360,0.737374,0.606061,pharmacy
7361,0.737374,0.616162,hospital
7362,0.737374,0.626263,school
7363,0.737374,0.636364,hospital
7364,0.737374,0.646465,pharmacy
7365,0.737374,0.656566,school
7366,0.737374,0.666667,restaurant
7367,0.737374,0.676768,restaurant
7368,0.737374,0.686869,school
7369,0.737374,0.69697,hospital
7370,0.737374,0.707071,hospital
7371,0.737374,0.717172,bank
7372,0.737374,0.727273,pharmacy
7373,0.737374,0.737374,restaurant
7374,0.737374,0.747475,pharmacy
7375,0.737374,0.757576,school
7376,0.737374,0.767677,hospital
7377,0.737374,0.777778,restaurant
7378,0.737374,0.787879,pharmacy
7379,0.737374,0.79798,restaurant
7380,0.737374,0.808081,bank
7381,0.737374,0.818182,pharmacy
7382,0.737374,0.828283,restaurant
7383,0.737374,0.838384,pharmacy
7384,0.737374,0.848485,bank
7385,0.737374,0.858586,bank
7386,0.737374,0.868687,restaurant
7387,0.737374,0.878788,restaurant
7388,0.737374,0.888889,restaurant
7389,0.737374,0.89899,restaurant
7390,0.737374,0.909091,school
7391,0.737374,0.919192,pharmacy
7392,0.737374,0.929293,school
7393,0.737374,0.939394,school
7394,0.737374,0.949495,school
7395,0.737374,0.959596,school
7396,0.737374,0.969697,pharmacy
7397,0.737374,0.979798,restaurant
7398,0.737374,0.989899,bank
7399,0.737374,1.0,pharmacy
7400,0.747475,0.0,hospital
7401,0.747475,0.010101,bank
7402,0.747475,0.020202,hospital
7403,0.747475,0.030303,hospital
7404,0.747475,0.040404,hospital
7405,0.747475,0.050505,hospital
7406,0.747475,0.060606,hospital
7407,0.747475,0.070707,school
7408,0.747475,0.080808,restaurant
7409,0.747475,0.090909,hospital
7410,0.747475,0.10101,restaurant
7411,0.747475,0.111111,school
7412,0.747475,0.121212,school
7413,0.747475,0.131313,bank
7414,0.747475,0.141414,hospital
7415,0.747475,0.151515,bank
7416,0.747475,0.161616,hospital
7417,0.747475,0.171717,school
7418,0.747475,0.181818,bank
7419,0.747475,0.191919,bank
7420,0.747475,0.20202,school
7421,0.747475,0.212121,bank
7422,0.747475,0.222222,bank
7423,0.747475,0.232323,school
7424,0.747475,0.242424,school
7425,0.747475,0.252525,pharmacy
7426,0.747475,0.262626,bank
7427,0.747475,0.272727,school
7428,0.747475,0.282828,hospital
7429,0.747475,0.292929,hospital
7430,0.747475,0.30303,bank
7431,0.747475,0.313131,pharmacy
7432,0.747475,0.323232,school
7433,0.747475,0.333333,hospital
7434,0.747475,0.343434,restaurant
7435,0.747475,0.353535,restaurant
7436,0.747475,0.363636,school
7437,0.747475,0.373737,school
7438,0.747475,0.383838,school
7439,0.747475,0.393939,bank
7440,0.747475,0.40404,pharmacy
7441,0.747475,0.414141,bank
7442,0.747475,0.424242,restaurant
7443,0.747475,0.434343,bank
7444,0.747475,0.444444,pharmacy
7445,0.747475,0.454545,school
7446,0.747475,0.464646,hospital
7447,0.747475,0.474747,hospital
7448,0.747475,0.484848,restaurant
7449,0.747475,0.494949,bank
7450,0.747475,0.505051,bank
7451,0.747475,0.515152,bank
7452,0.747475,0.525253,bank
7453,0.747475,0.535354,school
7454,0.747475,0.545455,school
7455,0.747475,0.555556,school
7456,0.747475,0.565657,restaurant
7457,0.747475,0.575758,bank
7458,0.747475,0.585859,pharmacy
7459,0.747475,0.59596,school
7460,0.747475,0.606061,pharmacy
7461,0.747475,0.616162,restaurant
7462,0.747475,0.626263,bank
7463,0.747475,0.636364,school
7464,0.747475,0.646465,restaurant
7465,0.747475,0.656566,school
7466,0.747475,0.666667,pharmacy
7467,0.747475,0.676768,bank
7468,0.747475,0.686869,school
7469,0.747475,0.69697,pharmacy
7470,0.747475,0.707071,pharmacy
7471,0.747475,0.717172,school
7472,0.747475,0.727273,bank
7473,0.747475,0.737374,school
7474,0.747475,0.747475,bank
7475,0.747475,0.757576,school
7476,0.747475,0.767677,bank
7477,0.747475,0.777778,school
7478,0.747475,0.787879,school
7479,0.747475,0.79798,pharmacy
7480,0.747475,0.808081,pharmacy
7481,0.747475,0.818182,bank
7482,0.747475,0.828283,bank
7483,0.747475,0.838384,pharmacy
7484,0.747475,0.848485,school
7485,0.747475,0.858586,restaurant
7486,0.747475,0.868687,bank
7487,0.747475,0.878788,pharmacy
7488,0.747475,0.888889,school
7489,0.747475,0.89899,pharmacy
7490,0.747475,0.909091,restaurant
7491,0.747475,0.919192,bank
7492,0.747475,0.929293,school
7493,0.747475,0.939394,hospital
7494,0.747475,0.949495,restaurant
7495,0.747475,0.959596,pharmacy
7496,0.747475,0.969697,school
7497,0.747475,0.979798,school
7498,0.747475,0.989899,bank
7499,0.747475,1.0,restaurant
7500,0.757576,0.0,pharmacy
7501,0.757576,0.010101,pharmacy
7502,0.757576,0.020202,bank
7503,0.757576,0.030303,restaurant
7504,0.757576,0.040404,restaurant
7505,0.757576,0.050505,pharmacy
7506,0.757576,0.060606,hospital
7507,0.757576,0.070707,pharmacy
7508,0.757576,0.080808,school
7509,0.757576,0.090909,pharmacy
7510,0.757576,0.10101,bank
7511,0.757576,0.111111,school
7512,0.757576,0.121212,school
7513,0.757576,0.131313,pharmacy
7514,0.757576,0.141414,pharmacy
7515,0.757576,0.151515,hospital
7516,0.757576,0.161616,pharmacy
7517,0.757576,0.171717,school
7518,0.757576,0.181818,restaurant
7519,0.757576,0.191919,pharmacy
7520,0.757576,0.20202,bank
7521,0.757576,0.212121,restaurant
7522,0.757576,0.222222,bank
7523,0.757576,0.232323,hospital
7524,0.757576,0.242424,restaurant
7525,0.757576,0.252525,bank
7526,0.757576,0.262626,hospital
7527,0.757576,0.272727,bank
7528,0.757576,0.282828,hospital
7529,0.757576,0.292929,restaurant
7530,0.757576,0.30303,hospital
7531,0.757576,0.313131,school
7532,0.757576,0.323232,hospital
7533,0.757576,0.333333,pharmacy
7534,0.757576,0.343434,pharmacy
7535,0.757576,0.353535,restaurant
7536,0.757576,0.363636,pharmacy
7537,0.757576,0.373737,pharmacy
7538,0.757576,0.383838,hospital
7539,0.757576,0.393939,bank
7540,0.757576,0.40404,hospital
7541,0.757576,0.414141,school
7542,0.757576,0.424242,pharmacy
7543,0.757576,0.434343,school
7544,0.757576,0.444444,restaurant
7545,0.757576,0.454545,hospital
7546,0.757576,0.464646,school
7547,0.757576,0.474747,hospital
7548,0.757576,0.484848,pharmacy
7549,0.757576,0.494949,restaurant
7550,0.757576,0.505051,restaurant
7551,0.757576,0.515152,bank
7552,0.757576,0.525253,pharmacy
7553,0.757576,0.535354,restaurant
7554,0.757576,0.545455,school
7555,0.757576,0.555556,bank
7556,0.757576,0.565657,bank
7557,0.757576,0.575758,hospital
7558,0.757576,0.585859,bank
7559,0.757576,0.59596,school
7560,0.757576,0.606061,pharmacy
7561,0.757576,0.616162,bank
7562,0.757576,0.626263,restaurant
7563,0.757576,0.636364,restaurant
7564,0.757576,0.646465,bank
7565,0.757576,0.656566,hospital
7566,0.757576,0.666667,school
7567,0.757576,0.676768,hospital
7568,0.757576,0.686869,restaurant
7569,0.757576,0.69697,pharmacy
7570,0.757576,0.707071,bank
7571,0.757576,0.717172,pharmacy
7572,0.757576,0.727273,bank
7573,0.757576,0.737374,school
7574,0.757576,0.747475,pharmacy
7575,0.757576,0.757576,hospital
7576,0.757576,0.767677,school
7577,0.757576,0.777778,bank
7578,0.757576,0.787879,hospital
7579,0.757576,0.79798,hospital
7580,0.757576,0.808081,restaurant
7581,0.757576,0.818182,hospital
7582,0.757576,0.828283,bank
7583,0.757576,0.838384,bank
7584,0.757576,0.848485,restaurant
7585,0.757576,0.858586,bank
7586,0.757576,0.868687,hospital
7587,0.757576,0.878788,school
7588,0.757576,0.888889,pharmacy
7589,0.757576,0.89899,restaurant
7590,0.757576,0.909091,hospital
7591,0.757576,0.919192,hospital
7592,0.757576,0.929293,restaurant
7593,0.757576,0.939394,school
7594,0.757576,0.949495,hospital
7595,0.757576,0.959596,pharmacy
7596,0.757576,0.969697,school
7597,0.757576,0.979798,restaurant
7598,0.757576,0.989899,restaurant
7599,0.757576,1.0,pharmacy
7600,0.767677,0.0,pharmacy
7601,0.767677,0.010101,hospital
7602,0.767677,0.020202,hospital
7603,0.767677,0.030303,pharmacy
7604,0.767677,0.040404,restaurant
7605,0.767677,0.050505,hospital
7606,0.767677,0.060606,hospital
7607,0.767677,0.070707,bank
7608,0.767677,0.080808,bank
7609,0.767677,0.090909,hospital
7610,0.767677,0.10101,restaurant
7611,0.767677,0.111111,bank
7612,0.767677,0.121212,restaurant
7613,0.767677,0.131313,restaurant
7614,0.767677,0.141414,bank
7615,0.767677,0.151515,restaurant
7616,0.767677,0.161616,school
7617,0.767677,0.171717,pharmacy
7618,0.767677,0.181818,hospital
7619,0.767677,0.191919,school
7620,0.767677,0.20202,bank
7621,0.767677,0.212121,bank
7622,0.767677,0.222222,restaurant
7623,0.767677,0.232323,school
7624,0.767677,0.242424,hospital
7625,0.767677,0.252525,hospital
7626,0.767677,0.262626,hospital
7627,0.767677,0.272727,bank
7628,0.767677,0.282828,bank
7629,0.767677,0.292929,bank
7630,0.767677,0.30303,school
7631,0.767677,0.313131,bank
7632,0.767677,0.323232,hospital
7633,0.767677,0.333333,hospital
7634,0.767677,0.343434,school
7635,0.767677,0.353535,bank
7636,0.767677,0.363636,school
7637,0.767677,0.373737,school
7638,0.767677,0.383838,bank
7639,0.767677,0.393939,bank
7640,0.767677,0.40404,school
7641,0.767677,0.414141,restaurant
7642,0.767677,0.424242,hospital
7643,0.767677,0.434343,hospital
7644,0.767677,0.444444,pharmacy
7645,0.767677,0.454545,school
7646,0.767677,0.464646,restaurant
7647,0.767677,0.474747,school
7648,0.767677,0.484848,pharmacy
7649,0.767677,0.494949,restaurant
7650,0.767677,0.505051,hospital
7651,0.767677,0.515152,school
7652,0.767677,0.525253,bank
7653,0.767677,0.535354,restaurant
7654,0.767677,0.545455,school
7655,0.767677,0.555556,restaurant
7656,0.767677,0.565657,restaurant
7657,0.767677,0.575758,bank
7658,0.767677,0.585859,hospital
7659,0.767677,0.59596,school
7660,0.767677,0.606061,restaurant
7661,0.767677,0.616162,school
7662,0.767677,0.626263,restaurant
7663,0.767677,0.636364,hospital
7664,0.767677,0.646465,school
7665,0.767677,0.656566,restaurant
7666,0.767677,0.666667,school
7667,0.767677,0.676768,pharmacy
7668,0.767677,0.686869,bank
7669,0.767677,0.69697,bank
7670,0.767677,0.707071,school
7671,0.767677,0.717172,bank
7672,0.767677,0.727273,pharmacy
7673,0.767677,0.737374,school
7674,0.767677,0.747475,school
7675,0.767677,0.757576,restaurant
7676,0.767677,0.767677,school
7677,0.767677,0.777778,restaurant
7678,0.767677,0.787879,school
7679,0.767677,0.79798,bank
7680,0.767677,0.808081,hospital
7681,0.767677,0.818182,pharmacy
7682,0.767677,0.828283,hospital
7683,0.767677,0.838384,pharmacy
7684,0.767677,0.848485,school
7685,0.767677,0.858586,hospital
7686,0.767677,0.868687,bank
7687,0.767677,0.878788,school
7688,0.767677,0.888889,school
7689,0.767677,0.89899,restaurant
7690,0.767677,0.909091,school
7691,0.767677,0.919192,bank
7692,0.767677,0.929293,pharmacy
7693,0.767677,0.939394,bank
7694,0.767677,0.949495,school
7695,0.767677,0.959596,hospital
7696,0.767677,0.969697,restaurant
7697,0.767677,0.979798,school
7698,0.767677,0.989899,pharmacy
7699,0.767677,1.0,hospital
7700,0.777778,0.0,restaurant
7701,0.777778,0.010101,restaurant
7702,0.777778,0.020202,school
7703,0.777778,0.030303,school
7704,0.777778,0.040404,restaurant
7705,0.777778,0.050505,pharmacy
7706,0.777778,0.060606,school
7707,0.777778,0.070707,pharmacy
7708,0.777778,0.080808,pharmacy
7709,0.777778,0.090909,hospital
7710,0.777778,0.10101,hospital
7711,0.777778,0.111111,restaurant
7712,0.777778,0.121212,pharmacy
7713,0.777778,0.131313,bank
7714,0.777778,0.141414,school
7715,0.777778,0.151515,bank
7716,0.777778,0.161616,restaurant
7717,0.777778,0.171717,pharmacy
7718,0.777778,0.181818,school
7719,0.777778,0.191919,restaurant
7720,0.777778,0.20202,hospital
7721,0.777778,0.212121,school
7722,0.777778,0.222222,bank
7723,0.777778,0.232323,school
7724,0.777778,0.242424,school
7725,0.777778,0.252525,hospital
7726,0.777778,0.262626,bank
7727,0.777778,0.272727,bank
7728,0.777778,0.282828,hospital
7729,0.777778,0.292929,restaurant
7730,0.777778,0.30303,school
7731,0.777778,0.313131,hospital
7732,0.777778,0.323232,school
7733,0.777778,0.333333,restaurant
7734,0.777778,0.343434,pharmacy
7735,0.777778,0.353535,school
7736,0.777778,0.363636,school
7737,0.777778,0.373737,restaurant
7738,0.777778,0.383838,school
7739,0.777778,0.393939,bank
7740,0.777778,0.40404,hospital
7741,0.777778,0.414141,bank
7742,0.777778,0.424242,restaurant
7743,0.777778,0.434343,pharmacy
7744,0.777778,0.444444,bank
7745,0.777778,0.454545,pharmacy
7746,0.777778,0.464646,school
7747,0.777778,0.474747,school
7748,0.777778,0.484848,restaurant
7749,0.777778,0.494949,pharmacy
7750,0.777778,0.505051,school
7751,0.777778,0.515152,hospital
7752,0.777778,0.525253,hospital
7753,0.777778,0.535354,pharmacy
7754,0.777778,0.545455,pharmacy
7755,0.777778,0.555556,pharmacy
7756,0.777778,0.565657,school
7757,0.777778,0.575758,restaurant
7758,0.777778,0.585859,restaurant
7759,0.777778,0.59596,school
7760,0.777778,0.606061,restaurant
7761,0.777778,0.616162,school
7762,0.777778,0.626263,school
7763,0.777778,0.636364,bank
7764,0.777778,0.646465,school
7765,0.777778,0.656566,pharmacy
7766,0.777778,0.666667,pharmacy
7767,0.777778,0.676768,hospital
7768,0.777778,0.686869,bank
7769,0.777778,0.69697,hospital
7770,0.777778,0.707071,bank
7771,0.777778,0.717172,restaurant
7772,0.777778,0.727273,restaurant
7773,0.777778,0.737374,bank
7774,0.777778,0.747475,hospital
7775,0.777778,0.757576,hospital
7776,0.777778,0.767677,school
7777,0.777778,0.777778,restaurant
7778,0.777778,0.787879,school
7779,0.777778,0.79798,pharmacy
7780,0.777778,0.808081,school
7781,0.777778,0.818182,pharmacy
7782,0.777778,0.828283,bank
7783,0.777778,0.838384,bank
7784,0.777778,0.848485,bank
7785,0.777778,0.858586,hospital
7786,0.777778,0.868687,hospital
7787,0.777778,0.878788,bank
7788,0.777778,0.888889,school
7789,0.777778,0.89899,hospital
7790,0.777778,0.909091,pharmacy
7791,0.777778,0.919192,restaurant
7792,0.777778,0.929293,restaurant
7793,0.777778,0.939394,bank
7794,0.777778,0.949495,hospital
7795,0.777778,0.959596,pharmacy
7796,0.777778,0.969697,restaurant
7797,0.777778,0.979798,school
7798,0.777778,0.989899,hospital
7799,0.777778,1.0,bank
7800,0.787879,0.0,bank
7801,0.787879,0.010101,bank
7802,0.787879,0.020202,school
7803,0.787879,0.030303,restaurant
7804,0.787879,0.040404,bank
7805,0.787879,0.050505,school
7806,0.787879,0.060606,restaurant
7807,0.787879,0.070707,restaurant
7808,0.787879,0.080808,school
7809,0.787879,0.090909,hospital
7810,0.787879,0.10101,restaurant
7811,0.787879,0.111111,hospital
7812,0.787879,0.121212,school
7813,0.787879,0.131313,hospital
7814,0.787879,0.141414,hospital
7815,0.787879,0.151515,school
7816,0.787879,0.161616,restaurant
7817,0.787879,0.171717,hospital
7818,0.787879,0.181818,pharmacy
7819,0.787879,0.191919,school
7820,0.787879,0.20202,pharmacy
7821,0.787879,0.212121,bank
7822,0.787879,0.222222,hospital
7823,0.787879,0.232323,restaurant
7824,0.787879,0.242424,restaurant
7825,0.787879,0.252525,restaurant
7826,0.787879,0.262626,pharmacy
7827,0.787879,0.272727,hospital
7828,0.787879,0.282828,bank
7829,0.787879,0.292929,pharmacy
7830,0.787879,0.30303,restaurant
7831,0.787879,0.313131,school
7832,0.787879,0.323232,hospital
7833,0.787879,0.333333,pharmacy
7834,0.787879,0.343434,restaurant
7835,0.787879,0.353535,bank
7836,0.787879,0.363636,bank
7837,0.787879,0.373737,school
7838,0.787879,0.383838,school
7839,0.787879,0.393939,restaurant
7840,0.787879,0.40404,restaurant
7841,0.787879,0.414141,school
7842,0.787879,0.424242,hospital
7843,0.787879,0.434343,pharmacy
7844,0.787879,0.444444,hospital
7845,0.787879,0.454545,restaurant
7846,0.787879,0.464646,hospital
7847,0.787879,0.474747,restaurant
7848,0.787879,0.484848,pharmacy
7849,0.787879,0.494949,school
7850,0.787879,0.505051,pharmacy
7851,0.787879,0.515152,restaurant
7852,0.787879,0.525253,school
7853,0.787879,0.535354,bank
7854,0.787879,0.545455,bank
7855,0.787879,0.555556,pharmacy
7856,0.787879,0.565657,bank
7857,0.787879,0.575758,pharmacy
7858,0.787879,0.585859,pharmacy
7859,0.787879,0.59596,school
7860,0.787879,0.606061,restaurant
7861,0.787879,0.616162,school
7862,0.787879,0.626263,hospital
7863,0.787879,0.636364,school
7864,0.787879,0.646465,pharmacy
7865,0.787879,0.656566,pharmacy
7866,0.787879,0.666667,hospital
7867,0.787879,0.676768,school
7868,0.787879,0.686869,bank
7869,0.787879,0.69697,school
7870,0.787879,0.707071,hospital
7871,0.787879,0.717172,restaurant
7872,0.787879,0.727273,school
7873,0.787879,0.737374,bank
7874,0.787879,0.747475,restaurant
7875,0.787879,0.757576,restaurant
7876,0.787879,0.767677,hospital
7877,0.787879,0.777778,school
7878,0.787879,0.787879,pharmacy
7879,0.787879,0.79798,hospital
7880,0.787879,0.808081,restaurant
7881,0.787879,0.818182,pharmacy
7882,0.787879,0.828283,school
7883,0.787879,0.838384,pharmacy
7884,0.787879,0.848485,hospital
7885,0.787879,0.858586,hospital
7886,0.787879,0.868687,restaurant
7887,0.787879,0.878788,school
7888,0.787879,0.888889,restaurant
7889,0.787879,0.89899,bank
7890,0.787879,0.909091,bank
7891,0.787879,0.919192,restaurant
7892,0.787879,0.929293,restaurant
7893,0.787879,0.939394,hospital
7894,0.787879,0.949495,pharmacy
7895,0.787879,0.959596,hospital
7896,0.787879,0.969697,hospital
7897,0.787879,0.979798,school
7898,0.787879,0.989899,restaurant
7899,0.787879,1.0,bank
7900,0.79798,0.0,restaurant
7901,0.79798,0.010101,pharmacy
7902,0.79798,0.020202,hospital
7903,0.79798,0.030303,bank
7904,0.79798,0.040404,restaurant
7905,0.79798,0.050505,restaurant
7906,0.79798,0.060606,pharmacy
7907,0.79798,0.070707,school
7908,0.79798,0.080808,restaurant
7909,0.79798,0.090909,school
7910,0.79798,0.10101,restaurant
7911,0.79798,0.111111,pharmacy
7912,0.79798,0.121212,restaurant
7913,0.79798,0.131313,restaurant
7914,0.79798,0.141414,bank
7915,0.79798,0.151515,hospital
7916,0.79798,0.161616,restaurant
7917,0.79798,0.171717,hospital
7918,0.79798,0.181818,restaurant
7919,0.79798,0.191919,hospital
7920,0.79798,0.20202,school
7921,0.79798,0.212121,restaurant
7922,0.79798,0.222222,restaurant
7923,0.79798,0.232323,bank
7924,0.79798,0.242424,restaurant
7925,0.79798,0.252525,restaurant
7926,0.79798,0.262626,bank
7927,0.79798,0.272727,pharmacy
7928,0.79798,0.282828,restaurant
7929,0.79798,0.292929,hospital
7930,0.79798,0.30303,hospital
7931,0.79798,0.313131,restaurant
7932,0.79798,0.323232,bank
7933,0.79798,0.333333,restaurant
7934,0.79798,0.343434,restaurant
7935,0.79798,0.353535,bank
7936,0.79798,0.363636,pharmacy
7937,0.79798,0.373737,hospital
7938,0.79798,0.383838,school
7939,0.79798,0.393939,restaurant
7940,0.79798,0.40404,bank
7941,0.79798,0.414141,pharmacy
7942,0.79798,0.424242,school
7943,0.79798,0.434343,school
7944,0.79798,0.444444,restaurant
7945,0.79798,0.454545,restaurant
7946,0.79798,0.464646,pharmacy
7947,0.79798,0.474747,pharmacy
7948,0.79798,0.484848,bank
7949,0.79798,0.494949,restaurant
7950,0.79798,0.505051,school
7951,0.79798,0.515152,pharmacy
7952,0.79798,0.525253,restaurant
7953,0.79798,0.535354,pharmacy
7954,0.79798,0.545455,hospital
7955,0.79798,0.555556,school
7956,0.79798,0.565657,school
7957,0.79798,0.575758,restaurant
7958,0.79798,0.585859,hospital
7959,0.79798,0.59596,hospital
7960,0.79798,0.606061,restaurant
7961,0.79798,0.616162,pharmacy
7962,0.79798,0.626263,bank
7963,0.79798,0.636364,hospital
7964,0.79798,0.646465,hospital
7965,0.79798,0.656566,hospital
7966,0.79798,0.666667,bank
7967,0.79798,0.676768,hospital
7968,0.79798,0.686869,pharmacy
7969,0.79798,0.69697,hospital
7970,0.79798,0.707071,hospital
7971,0.79798,0.717172,pharmacy
7972,0.79798,0.727273,school
7973,0.79798,0.737374,restaurant
7974,0.79798,0.747475,school
7975,0.79798,0.757576,restaurant
7976,0.79798,0.767677,bank
7977,0.79798,0.777778,hospital
7978,0.79798,0.787879,hospital
7979,0.79798,0.79798,school
7980,0.79798,0.808081,pharmacy
7981,0.79798,0.818182,school
7982,0.79798,0.828283,hospital
7983,0.79798,0.838384,bank
7984,0.79798,0.848485,restaurant
7985,0.79798,0.858586,bank
7986,0.79798,0.868687,bank
7987,0.79798,0.878788,restaurant
7988,0.79798,0.888889,restaurant
7989,0.79798,0.89899,bank
7990,0.79798,0.909091,school
7991,0.79798,0.919192,hospital
7992,0.79798,0.929293,pharmacy
7993,0.79798,0.939394,pharmacy
7994,0.79798,0.949495,hospital
7995,0.79798,0.959596,bank
7996,0.79798,0.969697,pharmacy
7997,0.79798,0.979798,pharmacy
7998,0.79798,0.989899,hospital
7999,0.79798,1.0,school
8000,0.808081,0.0,hospital
8001,0.808081,0.010101,restaurant
8002,0.808081,0.020202,hospital
8003,0.808081,0.030303,pharmacy
8004,0.808081,0.040404,restaurant
8005,0.808081,0.050505,school
8006,0.808081,0.060606,bank
8007,0.808081,0.070707,school
8008,0.808081,0.080808,restaurant
8009,0.808081,0.090909,school
8010,0.808081,0.10101,hospital
8011,0.808081,0.111111,restaurant
8012,0.808081,0.121212,bank
8013,0.808081,0.131313,school
8014,0.808081,0.141414,school
8015,0.808081,0.151515,hospital
8016,0.808081,0.161616,hospital
8017,0.808081,0.171717,pharmacy
8018,0.808081,0.181818,pharmacy
8019,0.808081,0.191919,bank
8020,0.808081,0.20202,school
8021,0.808081,0.212121,hospital
8022,0.808081,0.222222,pharmacy
8023,0.808081,0.232323,bank
8024,0.808081,0.242424,restaurant
8025,0.808081,0.252525,hospital
8026,0.808081,0.262626,bank
8027,0.808081,0.272727,hospital
8028,0.808081,0.282828,pharmacy
8029,0.808081,0.292929,restaurant
8030,0.808081,0.30303,restaurant
8031,0.808081,0.313131,bank
8032,0.808081,0.323232,school
8033,0.808081,0.333333,bank
8034,0.808081,0.343434,pharmacy
8035,0.808081,0.353535,bank
8036,0.808081,0.363636,restaurant
8037,0.808081,0.373737,school
8038,0.808081,0.383838,school
8039,0.808081,0.393939,school
8040,0.808081,0.40404,restaurant
8041,0.808081,0.414141,restaurant
8042,0.808081,0.424242,restaurant
8043,0.808081,0.434343,pharmacy
8044,0.808081,0.444444,bank
8045,0.808081,0.454545,hospital
8046,0.808081,0.464646,school
8047,0.808081,0.474747,hospital
8048,0.808081,0.484848,bank
8049,0.808081,0.494949,hospital
8050,0.808081,0.505051,restaurant
8051,0.808081,0.515152,pharmacy
8052,0.808081,0.525253,school
8053,0.808081,0.535354,hospital
8054,0.808081,0.545455,bank
8055,0.808081,0.555556,bank
8056,0.808081,0.565657,pharmacy
8057,0.808081,0.575758,bank
8058,0.808081,0.585859,pharmacy
8059,0.808081,0.59596,hospital
8060,0.808081,0.606061,bank
8061,0.808081,0.616162,pharmacy
8062,0.808081,0.626263,school
8063,0.808081,0.636364,school
8064,0.808081,0.646465,pharmacy
8065,0.808081,0.656566,restaurant
8066,0.808081,0.666667,restaurant
8067,0.808081,0.676768,bank
8068,0.808081,0.686869,school
8069,0.808081,0.69697,pharmacy
8070,0.808081,0.707071,restaurant
8071,0.808081,0.717172,pharmacy
8072,0.808081,0.727273,bank
8073,0.808081,0.737374,restaurant
8074,0.808081,0.747475,hospital
8075,0.808081,0.757576,school
8076,0.808081,0.767677,hospital
8077,0.808081,0.777778,hospital
8078,0.808081,0.787879,hospital
8079,0.808081,0.79798,hospital
8080,0.808081,0.808081,bank
8081,0.808081,0.818182,pharmacy
8082,0.808081,0.828283,restaurant
8083,0.808081,0.838384,hospital
8084,0.808081,0.848485,school
8085,0.808081,0.858586,school
8086,0.808081,0.868687,restaurant
8087,0.808081,0.878788,bank
8088,0.808081,0.888889,school
8089,0.808081,0.89899,school
8090,0.808081,0.909091,bank
8091,0.808081,0.919192,pharmacy
8092,0.808081,0.929293,bank
8093,0.808081,0.939394,school
8094,0.808081,0.949495,pharmacy
8095,0.808081,0.959596,bank
8096,0.808081,0.969697,school
8097,0.808081,0.979798,hospital
8098,0.808081,0.989899,school
8099,0.808081,1.0,school
8100,0.818182,0.0,hospital
8101,0.818182,0.010101,hospital
8102,0.818182,0.020202,pharmacy
8103,0.818182,0.030303,school
8104,0.818182,0.040404,hospital
8105,0.818182,0.050505,pharmacy
8106,0.818182,0.060606,school
8107,0.818182,0.070707,restaurant
8108,0.818182,0.080808,restaurant
8109,0.818182,0.090909,bank
8110,0.818182,0.10101,hospital
8111,0.818182,0.111111,bank
8112,0.818182,0.121212,school
8113,0.818182,0.131313,restaurant
8114,0.818182,0.141414,pharmacy
8115,0.818182,0.151515,bank
8116,0.818182,0.161616,pharmacy
8117,0.818182,0.171717,pharmacy
8118,0.818182,0.181818,pharmacy
8119,0.818182,0.191919,hospital
8120,0.818182,0.20202,pharmacy
8121,0.818182,0.212121,hospital
8122,0.818182,0.222222,hospital
8123,0.818182,0.232323,bank
8124,0.818182,0.242424,bank
8125,0.818182,0.252525,restaurant
8126,0.818182,0.262626,hospital
8127,0.818182,0.272727,restaurant
8128,0.818182,0.282828,hospital
8129,0.818182,0.292929,bank
8130,0.818182,0.30303,bank
8131,0.818182,0.313131,school
8132,0.818182,0.323232,hospital
8133,0.818182,0.333333,bank
8134,0.818182,0.343434,bank
8135,0.818182,0.353535,school
8136,0.818182,0.363636,school
8137,0.818182,0.373737,hospital
8138,0.818182,0.383838,school
8139,0.818182,0.393939,restaurant
8140,0.818182,0.40404,hospital
8141,0.818182,0.414141,hospital
8142,0.818182,0.424242,pharmacy
8143,0.818182,0.434343,pharmacy
8144,0.818182,0.444444,school
8145,0.818182,0.454545,school
8146,0.818182,0.464646,hospital
8147,0.818182,0.474747,bank
8148,0.818182,0.484848,restaurant
8149,0.818182,0.494949,pharmacy
8150,0.818182,0.505051,hospital
8151,0.818182,0.515152,restaurant
8152,0.818182,0.525253,bank
8153,0.818182,0.535354,hospital
8154,0.818182,0.545455,school
8155,0.818182,0.555556,bank
8156,0.818182,0.565657,bank
8157,0.818182,0.575758,restaurant
8158,0.818182,0.585859,pharmacy
8159,0.818182,0.59596,pharmacy
8160,0.818182,0.606061,pharmacy
8161,0.818182,0.616162,pharmacy
8162,0.818182,0.626263,hospital
8163,0.818182,0.636364,bank
8164,0.818182,0.646465,restaurant
8165,0.818182,0.656566,pharmacy
8166,0.818182,0.666667,bank
8167,0.818182,0.676768,school
8168,0.818182,0.686869,pharmacy
8169,0.818182,0.69697,school
8170,0.818182,0.707071,pharmacy
8171,0.818182,0.717172,bank
8172,0.818182,0.727273,hospital
8173,0.818182,0.737374,restaurant
8174,0.818182,0.747475,school
8175,0.818182,0.757576,school
8176,0.818182,0.767677,bank
8177,0.818182,0.777778,school
8178,0.818182,0.787879,hospital
8179,0.818182,0.79798,pharmacy
8180,0.818182,0.808081,pharmacy
8181,0.818182,0.818182,restaurant
8182,0.818182,0.828283,pharmacy
8183,0.818182,0.838384,school
8184,0.818182,0.848485,hospital
8185,0.818182,0.858586,school
8186,0.818182,0.868687,restaurant
8187,0.818182,0.878788,restaurant
8188,0.818182,0.888889,restaurant
8189,0.818182,0.89899,pharmacy
8190,0.818182,0.909091,bank
8191,0.818182,0.919192,school
8192,0.818182,0.929293,bank
8193,0.818182,0.939394,restaurant
8194,0.818182,0.949495,bank
8195,0.818182,0.959596,school
8196,0.818182,0.969697,school
8197,0.818182,0.979798,school
8198,0.818182,0.989899,hospital
8199,0.818182,1.0,pharmacy
8200,0.828283,0.0,bank
8201,0.828283,0.010101,restaurant
8202,0.828283,0.020202,bank
8203,0.828283,0.030303,hospital
8204,0.828283,0.040404,pharmacy
8205,0.828283,0.050505,bank
8206,0.828283,0.060606,hospital
8207,0.828283,0.070707,bank
8208,0.828283,0.080808,restaurant
8209,0.828283,0.090909,school
8210,0.828283,0.10101,restaurant
8211,0.828283,0.111111,bank
8212,0.828283,0.121212,hospital
8213,0.828283,0.131313,hospital
8214,0.828283,0.141414,school
8215,0.828283,0.151515,restaurant
8216,0.828283,0.161616,school
8217,0.828283,0.171717,school
8218,0.828283,0.181818,school
8219,0.828283,0.191919,bank
8220,0.828283,0.20202,hospital
8221,0.828283,0.212121,hospital
8222,0.828283,0.222222,restaurant
8223,0.828283,0.232323,bank
8224,0.828283,0.242424,restaurant
8225,0.828283,0.252525,pharmacy
8226,0.828283,0.262626,school
8227,0.828283,0.272727,hospital
8228,0.828283,0.282828,bank
8229,0.828283,0.292929,school
8230,0.828283,0.30303,hospital
8231,0.828283,0.313131,bank
8232,0.828283,0.323232,school
8233,0.828283,0.333333,pharmacy
8234,0.828283,0.343434,school
8235,0.828283,0.353535,pharmacy
8236,0.828283,0.363636,hospital
8237,0.828283,0.373737,bank
8238,0.828283,0.383838,pharmacy
8239,0.828283,0.393939,bank
8240,0.828283,0.40404,school
8241,0.828283,0.414141,school
8242,0.828283,0.424242,hospital
8243,0.828283,0.434343,pharmacy
8244,0.828283,0.444444,bank
8245,0.828283,0.454545,pharmacy
8246,0.828283,0.464646,hospital
8247,0.828283,0.474747,school
8248,0.828283,0.484848,restaurant
8249,0.828283,0.494949,hospital
8250,0.828283,0.505051,pharmacy
8251,0.828283,0.515152,restaurant
8252,0.828283,0.525253,bank
8253,0.828283,0.535354,school
8254,0.828283,0.545455,pharmacy
8255,0.828283,0.555556,hospital
8256,0.828283,0.565657,pharmacy
8257,0.828283,0.575758,restaurant
8258,0.828283,0.585859,bank
8259,0.828283,0.59596,restaurant
8260,0.828283,0.606061,pharmacy
8261,0.828283,0.616162,bank
8262,0.828283,0.626263,bank
8263,0.828283,0.636364,restaurant
8264,0.828283,0.646465,school
8265,0.828283,0.656566,pharmacy
8266,0.828283,0.666667,hospital
8267,0.828283,0.676768,pharmacy
8268,0.828283,0.686869,restaurant
8269,0.828283,0.69697,bank
8270,0.828283,0.707071,school
8271,0.828283,0.717172,bank
8272,0.828283,0.727273,restaurant
8273,0.828283,0.737374,pharmacy
8274,0.828283,0.747475,hospital
8275,0.828283,0.757576,hospital
8276,0.828283,0.767677,restaurant
8277,0.828283,0.777778,pharmacy
8278,0.828283,0.787879,pharmacy
8279,0.828283,0.79798,hospital
8280,0.828283,0.808081,pharmacy
8281,0.828283,0.818182,restaurant
8282,0.828283,0.828283,restaurant
8283,0.828283,0.838384,pharmacy
8284,0.828283,0.848485,restaurant
8285,0.828283,0.858586,school
8286,0.828283,0.868687,hospital
8287,0.828283,0.878788,restaurant
8288,0.828283,0.888889,restaurant
8289,0.828283,0.89899,school
8290,0.828283,0.909091,hospital
8291,0.828283,0.919192,pharmacy
8292,0.828283,0.929293,hospital
8293,0.828283,0.939394,pharmacy
8294,0.828283,0.949495,hospital
8295,0.828283,0.959596,school
8296,0.828283,0.969697,hospital
8297,0.828283,0.979798,hospital
8298,0.828283,0.989899,restaurant
8299,0.828283,1.0,hospital
8300,0.838384,0.0,school
8301,0.838384,0.010101,restaurant
8302,0.838384,0.020202,school
8303,0.838384,0.030303,school
8304,0.838384,0.040404,school
8305,0.838384,0.050505,hospital
8306,0.838384,0.060606,restaurant
8307,0.838384,0.070707,bank
8308,0.838384,0.080808,school
8309,0.838384,0.090909,restaurant
8310,0.838384,0.10101,hospital
8311,0.838384,0.111111,pharmacy
8312,0.838384,0.121212,restaurant
8313,0.838384,0.131313,hospital
8314,0.838384,0.141414,school
8315,0.838384,0.151515,restaurant
8316,0.838384,0.161616,hospital
8317,0.838384,0.171717,hospital
8318,0.838384,0.181818,restaurant
8319,0.838384,0.191919,school
8320,0.838384,0.20202,pharmacy
8321,0.838384,0.212121,pharmacy
8322,0.838384,0.222222,pharmacy
8323,0.838384,0.232323,hospital
8324,0.838384,0.242424,hospital
8325,0.838384,0.252525,hospital
8326,0.838384,0.262626,restaurant
8327,0.838384,0.272727,pharmacy
8328,0.838384,0.282828,restaurant
8329,0.838384,0.292929,bank
8330,0.838384,0.30303,school
8331,0.838384,0.313131,hospital
8332,0.838384,0.323232,bank
8333,0.838384,0.333333,restaurant
8334,0.838384,0.343434,bank
8335,0.838384,0.353535,hospital
8336,0.838384,0.363636,bank
8337,0.838384,0.373737,restaurant
8338,0.838384,0.383838,pharmacy
8339,0.838384,0.393939,school
8340,0.838384,0.40404,restaurant
8341,0.838384,0.414141,pharmacy
8342,0.838384,0.424242,hospital
8343,0.838384,0.434343,restaurant
8344,0.838384,0.444444,restaurant
8345,0.838384,0.454545,restaurant
8346,0.838384,0.464646,bank
8347,0.838384,0.474747,pharmacy
8348,0.838384,0.484848,bank
8349,0.838384,0.494949,pharmacy
8350,0.838384,0.505051,bank
8351,0.838384,0.515152,bank
8352,0.838384,0.525253,hospital
8353,0.838384,0.535354,pharmacy
8354,0.838384,0.545455,restaurant
8355,0.838384,0.555556,pharmacy
8356,0.838384,0.565657,bank
8357,0.838384,0.575758,pharmacy
8358,0.838384,0.585859,school
8359,0.838384,0.59596,hospital
8360,0.838384,0.606061,hospital
8361,0.838384,0.616162,school
8362,0.838384,0.626263,pharmacy
8363,0.838384,0.636364,restaurant
8364,0.838384,0.646465,school
8365,0.838384,0.656566,bank
8366,0.838384,0.666667,restaurant
8367,0.838384,0.676768,restaurant
8368,0.838384,0.686869,bank
8369,0.838384,0.69697,school
8370,0.838384,0.707071,restaurant
8371,0.838384,0.717172,pharmacy
8372,0.838384,0.727273,restaurant
8373,0.838384,0.737374,bank
8374,0.838384,0.747475,hospital
8375,0.838384,0.757576,pharmacy
8376,0.838384,0.767677,restaurant
8377,0.838384,0.777778,restaurant
8378,0.838384,0.787879,restaurant
8379,0.838384,0.79798,restaurant
8380,0.838384,0.808081,pharmacy
8381,0.838384,0.818182,bank
8382,0.838384,0.828283,hospital
8383,0.838384,0.838384,bank
8384,0.838384,0.848485,bank
8385,0.838384,0.858586,pharmacy
8386,0.838384,0.868687,school
8387,0.838384,0.878788,restaurant
8388,0.838384,0.888889,pharmacy
8389,0.838384,0.89899,hospital
8390,0.838384,0.909091,school
8391,0.838384,0.919192,restaurant
8392,0.838384,0.929293,restaurant
8393,0.838384,0.939394,hospital
8394,0.838384,0.949495,hospital
8395,0.838384,0.959596,pharmacy
8396,0.838384,0.969697,pharmacy
8397,0.838384,0.979798,restaurant
8398,0.838384,0.989899,hospital
8399,0.838384,1.0,pharmacy
8400,0.848485,0.0,bank
8401,0.848485,0.010101,pharmacy
8402,0.848485,0.020202,hospital
8403,0.848485,0.030303,bank
8404,0.848485,0.040404,hospital
8405,0.848485,0.050505,restaurant
8406,0.848485,0.060606,pharmacy
8407,0.848485,0.070707,pharmacy
8408,0.848485,0.080808,school
8409,0.848485,0.090909,hospital
8410,0.848485,0.10101,pharmacy
8411,0.848485,0.111111,school
8412,0.848485,0.121212,pharmacy
8413,0.848485,0.131313,school
8414,0.848485,0.141414,hospital
8415,0.848485,0.151515,bank
8416,0.848485,0.161616,restaurant
8417,0.848485,0.171717,bank
8418,0.848485,0.181818,bank
8419,0.848485,0.191919,restaurant
8420,0.848485,0.20202,hospital
8421,0.848485,0.212121,bank
8422,0.848485,0.222222,pharmacy
8423,0.848485,0.232323,bank
8424,0.848485,0.242424,hospital
8425,0.848485,0.252525,hospital
8426,0.848485,0.262626,restaurant
8427,0.848485,0.272727,restaurant
8428,0.848485,0.282828,bank
8429,0.848485,0.292929,pharmacy
8430,0.848485,0.30303,hospital
8431,0.848485,0.313131,school
8432,0.848485,0.323232,hospital
8433,0.848485,0.333333,pharmacy
8434,0.848485,0.343434,restaurant
8435,0.848485,0.353535,restaurant
8436,0.848485,0.363636,hospital
8437,0.848485,0.373737,hospital
8438,0.848485,0.383838,school
8439,0.848485,0.393939,hospital
8440,0.848485,0.40404,school
8441,0.848485,0.414141,school
8442,0.848485,0.424242,hospital
8443,0.848485,0.434343,hospital
8444,0.848485,0.444444,restaurant
8445,0.848485,0.454545,school
8446,0.848485,0.464646,hospital
8447,0.848485,0.474747,pharmacy
8448,0.848485,0.484848,restaurant
8449,0.848485,0.494949,pharmacy
8450,0.848485,0.505051,hospital
8451,0.848485,0.515152,school
8452,0.848485,0.525253,restaurant
8453,0.848485,0.535354,bank
8454,0.848485,0.545455,pharmacy
8455,0.848485,0.555556,restaurant
8456,0.848485,0.565657,pharmacy
8457,0.848485,0.575758,school
8458,0.848485,0.585859,bank
8459,0.848485,0.59596,pharmacy
8460,0.848485,0.606061,pharmacy
8461,0.848485,0.616162,pharmacy
8462,0.848485,0.626263,bank
8463,0.848485,0.636364,pharmacy
8464,0.848485,0.646465,restaurant
8465,0.848485,0.656566,pharmacy
8466,0.848485,0.666667,bank
8467,0.848485,0.676768,hospital
8468,0.848485,0.686869,restaurant
8469,0.848485,0.69697,restaurant
8470,0.848485,0.707071,school
8471,0.848485,0.717172,bank
8472,0.848485,0.727273,pharmacy
8473,0.848485,0.737374,bank
8474,0.848485,0.747475,bank
8475,0.848485,0.757576,hospital
8476,0.848485,0.767677,school
8477,0.848485,0.777778,restaurant
8478,0.848485,0.787879,restaurant
8479,0.848485,0.79798,bank
8480,0.848485,0.808081,hospital
8481,0.848485,0.818182,restaurant
8482,0.848485,0.828283,bank
8483,0.848485,0.838384,restaurant
8484,0.848485,0.848485,restaurant
8485,0.848485,0.858586,restaurant
8486,0.848485,0.868687,hospital
8487,0.848485,0.878788,school
8488,0.848485,0.888889,school
8489,0.848485,0.89899,bank
8490,0.848485,0.909091,restaurant
8491,0.848485,0.919192,restaurant
8492,0.848485,0.929293,restaurant
8493,0.848485,0.939394,pharmacy
8494,0.848485,0.949495,bank
8495,0.848485,0.959596,restaurant
8496,0.848485,0.969697,bank
8497,0.848485,0.979798,restaurant
8498,0.848485,0.989899,pharmacy
8499,0.848485,1.0,school
8500,0.858586,0.0,restaurant
8501,0.858586,0.010101,pharmacy
8502,0.858586,0.020202,pharmacy
8503,0.858586,0.030303,pharmacy
8504,0.858586,0.040404,restaurant
8505,0.858586,0.050505,school
8506,0.858586,0.060606,restaurant
8507,0.858586,0.070707,hospital
8508,0.858586,0.080808,bank
8509,0.858586,0.090909,restaurant
8510,0.858586,0.10101,bank
8511,0.858586,0.111111,hospital
8512,0.858586,0.121212,school
8513,0.858586,0.131313,bank
8514,0.858586,0.141414,bank
8515,0.858586,0.151515,pharmacy
8516,0.858586,0.161616,restaurant
8517,0.858586,0.171717,pharmacy
8518,0.858586,0.181818,pharmacy
8519,0.858586,0.191919,hospital
8520,0.858586,0.20202,school
8521,0.858586,0.212121,pharmacy
8522,0.858586,0.222222,pharmacy
8523,0.858586,0.232323,bank
8524,0.858586,0.242424,hospital
8525,0.858586,0.252525,hospital
8526,0.858586,0.262626,bank
8527,0.858586,0.272727,hospital
8528,0.858586,0.282828,school
8529,0.858586,0.292929,pharmacy
8530,0.858586,0.30303,bank
8531,0.858586,0.313131,hospital
8532,0.858586,0.323232,bank
8533,0.858586,0.333333,hospital
8534,0.858586,0.343434,bank
8535,0.858586,0.353535,hospital
8536,0.858586,0.363636,hospital
8537,0.858586,0.373737,school
8538,0.858586,0.383838,pharmacy
8539,0.858586,0.393939,hospital
8540,0.858586,0.40404,hospital
8541,0.858586,0.414141,pharmacy
8542,0.858586,0.424242,pharmacy
8543,0.858586,0.434343,school
8544,0.858586,0.444444,school
8545,0.858586,0.454545,restaurant
8546,0.858586,0.464646,bank
8547,0.858586,0.474747,hospital
8548,0.858586,0.484848,restaurant
8549,0.858586,0.494949,restaurant
8550,0.858586,0.505051,pharmacy
8551,0.858586,0.515152,school
8552,0.858586,0.525253,bank
8553,0.858586,0.535354,restaurant
8554,0.858586,0.545455,school
8555,0.858586,0.555556,hospital
8556,0.858586,0.565657,pharmacy
8557,0.858586,0.575758,school
8558,0.858586,0.585859,hospital
8559,0.858586,0.59596,pharmacy
8560,0.858586,0.606061,pharmacy
8561,0.858586,0.616162,pharmacy
8562,0.858586,0.626263,restaurant
8563,0.858586,0.636364,bank
8564,0.858586,0.646465,school
8565,0.858586,0.656566,pharmacy
8566,0.858586,0.666667,pharmacy
8567,0.858586,0.676768,hospital
8568,0.858586,0.686869,bank
8569,0.858586,0.69697,restaurant
8570,0.858586,0.707071,school
8571,0.858586,0.717172,school
8572,0.858586,0.727273,restaurant
8573,0.858586,0.737374,pharmacy
8574,0.858586,0.747475,bank
8575,0.858586,0.757576,school
8576,0.858586,0.767677,bank
8577,0.858586,0.777778,bank
8578,0.858586,0.787879,school
8579,0.858586,0.79798,bank
8580,0.858586,0.808081,bank
8581,0.858586,0.818182,pharmacy
8582,0.858586,0.828283,school
8583,0.858586,0.838384,restaurant
8584,0.858586,0.848485,hospital
8585,0.858586,0.858586,restaurant
8586,0.858586,0.868687,school
8587,0.858586,0.878788,bank
8588,0.858586,0.888889,school
8589,0.858586,0.89899,pharmacy
8590,0.858586,0.909091,pharmacy
8591,0.858586,0.919192,school
8592,0.858586,0.929293,pharmacy
8593,0.858586,0.939394,restaurant
8594,0.858586,0.949495,pharmacy
8595,0.858586,0.959596,pharmacy
8596,0.858586,0.969697,pharmacy
8597,0.858586,0.979798,restaurant
8598,0.858586,0.989899,school
8599,0.858586,1.0,hospital
8600,0.868687,0.0,school
8601,0.868687,0.010101,bank
8602,0.868687,0.020202,school
8603,0.868687,0.030303,bank
8604,0.868687,0.040404,pharmacy
8605,0.868687,0.050505,restaurant
8606,0.868687,0.060606,hospital
8607,0.868687,0.070707,pharmacy
8608,0.868687,0.080808,school
8609,0.868687,0.090909,hospital
8610,0.868687,0.10101,hospital
8611,0.868687,0.111111,hospital
8612,0.868687,0.121212,hospital
8613,0.868687,0.131313,hospital
8614,0.868687,0.141414,restaurant
8615,0.868687,0.151515,bank
8616,0.868687,0.161616,school
8617,0.868687,0.171717,restaurant
8618,0.868687,0.181818,restaurant
8619,0.868687,0.191919,bank
8620,0.868687,0.20202,bank
8621,0.868687,0.212121,pharmacy
8622,0.868687,0.222222,school
8623,0.868687,0.232323,restaurant
8624,0.868687,0.242424,pharmacy
8625,0.868687,0.252525,school
8626,0.868687,0.262626,pharmacy
8627,0.868687,0.272727,restaurant
8628,0.868687,0.282828,pharmacy
8629,0.868687,0.292929,hospital
8630,0.868687,0.30303,school
8631,0.868687,0.313131,school
8632,0.868687,0.323232,school
8633,0.868687,0.333333,restaurant
8634,0.868687,0.343434,school
8635,0.868687,0.353535,bank
8636,0.868687,0.363636,bank
8637,0.868687,0.373737,school
8638,0.868687,0.383838,pharmacy
8639,0.868687,0.393939,restaurant
8640,0.868687,0.40404,hospital
8641,0.868687,0.414141,pharmacy
8642,0.868687,0.424242,bank
8643,0.868687,0.434343,school
8644,0.868687,0.444444,hospital
8645,0.868687,0.454545,hospital
8646,0.868687,0.464646,restaurant
8647,0.868687,0.474747,restaurant
8648,0.868687,0.484848,pharmacy
8649,0.868687,0.494949,pharmacy
8650,0.868687,0.505051,bank
8651,0.868687,0.515152,restaurant
8652,0.868687,0.525253,bank
8653,0.868687,0.535354,pharmacy
8654,0.868687,0.545455,restaurant
8655,0.868687,0.555556,restaurant
8656,0.868687,0.565657,school
8657,0.868687,0.575758,pharmacy
8658,0.868687,0.585859,bank
8659,0.868687,0.59596,restaurant
8660,0.868687,0.606061,restaurant
8661,0.868687,0.616162,restaurant
8662,0.868687,0.626263,restaurant
8663,0.868687,0.636364,hospital
8664,0.868687,0.646465,hospital
8665,0.868687,0.656566,bank
8666,0.868687,0.666667,pharmacy
8667,0.868687,0.676768,bank
8668,0.868687,0.686869,school
8669,0.868687,0.69697,pharmacy
8670,0.868687,0.707071,restaurant
8671,0.868687,0.717172,hospital
8672,0.868687,0.727273,pharmacy
8673,0.868687,0.737374,bank
8674,0.868687,0.747475,bank
8675,0.868687,0.757576,restaurant
8676,0.868687,0.767677,hospital
8677,0.868687,0.777778,school
8678,0.868687,0.787879,pharmacy
8679,0.868687,0.79798,restaurant
8680,0.868687,0.808081,restaurant
8681,0.868687,0.818182,restaurant
8682,0.868687,0.828283,pharmacy
8683,0.868687,0.838384,bank
8684,0.868687,0.848485,bank
8685,0.868687,0.858586,pharmacy
8686,0.868687,0.868687,restaurant
8687,0.868687,0.878788,pharmacy
8688,0.868687,0.888889,restaurant
8689,0.868687,0.89899,bank
8690,0.868687,0.909091,pharmacy
8691,0.868687,0.919192,pharmacy
8692,0.868687,0.929293,school
8693,0.868687,0.939394,pharmacy
8694,0.868687,0.949495,restaurant
8695,0.868687,0.959596,bank
8696,0.868687,0.969697,restaurant
8697,0.868687,0.979798,school
8698,0.868687,0.989899,bank
8699,0.868687,1.0,restaurant
8700,0.878788,0.0,restaurant
8701,0.878788,0.010101,bank
8702,0.878788,0.020202,restaurant
8703,0.878788,0.030303,bank
8704,0.878788,0.040404,pharmacy
8705,0.878788,0.050505,bank
8706,0.878788,0.060606,hospital
8707,0.878788,0.070707,pharmacy
8708,0.878788,0.080808,pharmacy
8709,0.878788,0.090909,school
8710,0.878788,0.10101,bank
8711,0.878788,0.111111,pharmacy
8712,0.878788,0.121212,restaurant
8713,0.878788,0.131313,bank
8714,0.878788,0.141414,pharmacy
8715,0.878788,0.151515,restaurant
8716,0.878788,0.161616,restaurant
8717,0.878788,0.171717,bank
8718,0.878788,0.181818,hospital
8719,0.878788,0.191919,bank
8720,0.878788,0.20202,school
8721,0.878788,0.212121,school
8722,0.878788,0.222222,hospital
8723,0.878788,0.232323,hospital
8724,0.878788,0.242424,pharmacy
8725,0.878788,0.252525,restaurant
8726,0.878788,0.262626,pharmacy
8727,0.878788,0.272727,restaurant
8728,0.878788,0.282828,school
8729,0.878788,0.292929,restaurant
8730,0.878788,0.30303,school
8731,0.878788,0.313131,pharmacy
8732,0.878788,0.323232,pharmacy
8733,0.878788,0.333333,pharmacy
8734,0.878788,0.343434,hospital
8735,0.878788,0.353535,bank
8736,0.878788,0.363636,bank
8737,0.878788,0.373737,pharmacy
8738,0.878788,0.383838,pharmacy
8739,0.878788,0.393939,pharmacy
8740,0.878788,0.40404,bank
8741,0.878788,0.414141,hospital
8742,0.878788,0.424242,school
8743,0.878788,0.434343,restaurant
8744,0.878788,0.444444,hospital
8745,0.878788,0.454545,school
8746,0.878788,0.464646,school
8747,0.878788,0.474747,pharmacy
8748,0.878788,0.484848,restaurant
8749,0.878788,0.494949,school
8750,0.878788,0.505051,hospital
8751,0.878788,0.515152,bank
8752,0.878788,0.525253,bank
8753,0.878788,0.535354,pharmacy
8754,0.878788,0.545455,hospital
8755,0.878788,0.555556,hospital
8756,0.878788,0.565657,restaurant
8757,0.878788,0.575758,school
8758,0.878788,0.585859,pharmacy
8759,0.878788,0.59596,hospital
8760,0.878788,0.606061,bank
8761,0.878788,0.616162,bank
8762,0.878788,0.626263,pharmacy
8763,0.878788,0.636364,restaurant
8764,0.878788,0.646465,restaurant
8765,0.878788,0.656566,bank
8766,0.878788,0.666667,bank
8767,0.878788,0.676768,school
8768,0.878788,0.686869,restaurant
8769,0.878788,0.69697,hospital
8770,0.878788,0.707071,hospital
8771,0.878788,0.717172,pharmacy
8772,0.878788,0.727273,bank
8773,0.878788,0.737374,school
8774,0.878788,0.747475,hospital
8775,0.878788,0.757576,bank
8776,0.878788,0.767677,hospital
8777,0.878788,0.777778,bank
8778,0.878788,0.787879,hospital
8779,0.878788,0.79798,hospital
8780,0.878788,0.808081,bank
8781,0.878788,0.818182,school
8782,0.878788,0.828283,pharmacy
8783,0.878788,0.838384,bank
8784,0.878788,0.848485,restaurant
8785,0.878788,0.858586,school
8786,0.878788,0.868687,restaurant
8787,0.878788,0.878788,school
8788,0.878788,0.888889,hospital
8789,0.878788,0.89899,school
8790,0.878788,0.909091,school
8791,0.878788,0.919192,hospital
8792,0.878788,0.929293,restaurant
8793,0.878788,0.939394,school
8794,0.878788,0.949495,school
8795,0.878788,0.959596,hospital
8796,0.878788,0.969697,pharmacy
8797,0.878788,0.979798,bank
8798,0.878788,0.989899,bank
8799,0.878788,1.0,school
8800,0.888889,0.0,pharmacy
8801,0.888889,0.010101,school
8802,0.888889,0.020202,bank
8803,0.888889,0.030303,bank
8804,0.888889,0.040404,hospital
8805,0.888889,0.050505,restaurant
8806,0.888889,0.060606,hospital
8807,0.888889,0.070707,bank
8808,0.888889,0.080808,pharmacy
8809,0.888889,0.090909,school
8810,0.888889,0.10101,school
8811,0.888889,0.111111,school
8812,0.888889,0.121212,school
8813,0.888889,0.131313,hospital
8814,0.888889,0.141414,pharmacy
8815,0.888889,0.151515,school
8816,0.888889,0.161616,school
8817,0.888889,0.171717,hospital
8818,0.888889,0.181818,school
8819,0.888889,0.191919,restaurant
8820,0.888889,0.20202,pharmacy
8821,0.888889,0.212121,bank
8822,0.888889,0.222222,pharmacy
8823,0.888889,0.232323,pharmacy
8824,0.888889,0.242424,hospital
8825,0.888889,0.252525,restaurant
8826,0.888889,0.262626,restaurant
8827,0.888889,0.272727,hospital
8828,0.888889,0.282828,pharmacy
8829,0.888889,0.292929,hospital
8830,0.888889,0.30303,hospital
8831,0.888889,0.313131,school
8832,0.888889,0.323232,school
8833,0.888889,0.333333,pharmacy
8834,0.888889,0.343434,school
8835,0.888889,0.353535,school
8836,0.888889,0.363636,pharmacy
8837,0.888889,0.373737,hospital
8838,0.888889,0.383838,hospital
8839,0.888889,0.393939,hospital
8840,0.888889,0.40404,restaurant
8841,0.888889,0.414141,restaurant
8842,0.888889,0.424242,bank
8843,0.888889,0.434343,bank
8844,0.888889,0.444444,restaurant
8845,0.888889,0.454545,bank
8846,0.888889,0.464646,school
8847,0.888889,0.474747,hospital
8848,0.888889,0.484848,school
8849,0.888889,0.494949,school
8850,0.888889,0.505051,bank
8851,0.888889,0.515152,school
8852,0.888889,0.525253,bank
8853,0.888889,0.535354,pharmacy
8854,0.888889,0.545455,bank
8855,0.888889,0.555556,pharmacy
8856,0.888889,0.565657,school
8857,0.888889,0.575758,hospital
8858,0.888889,0.585859,bank
8859,0.888889,0.59596,pharmacy
8860,0.888889,0.606061,hospital
8861,0.888889,0.616162,hospital
8862,0.888889,0.626263,restaurant
8863,0.888889,0.636364,school
8864,0.888889,0.646465,restaurant
8865,0.888889,0.656566,hospital
8866,0.888889,0.666667,restaurant
8867,0.888889,0.676768,pharmacy
8868,0.888889,0.686869,hospital
8869,0.888889,0.69697,pharmacy
8870,0.888889,0.707071,restaurant
8871,0.888889,0.717172,hospital
8872,0.888889,0.727273,bank
8873,0.888889,0.737374,hospital
8874,0.888889,0.747475,restaurant
8875,0.888889,0.757576,pharmacy
8876,0.888889,0.767677,bank
8877,0.888889,0.777778,bank
8878,0.888889,0.787879,restaurant
8879,0.888889,0.79798,bank
8880,0.888889,0.808081,pharmacy
8881,0.888889,0.818182,bank
8882,0.888889,0.828283,bank
8883,0.888889,0.838384,school
8884,0.888889,0.848485,pharmacy
8885,0.888889,0.858586,school
8886,0.888889,0.868687,school
8887,0.888889,0.878788,restaurant
8888,0.888889,0.888889,bank
8889,0.888889,0.89899,pharmacy
8890,0.888889,0.909091,school
8891,0.888889,0.919192,hospital
8892,0.888889,0.929293,pharmacy
8893,0.888889,0.939394,bank
8894,0.888889,0.949495,hospital
8895,0.888889,0.959596,school
8896,0.888889,0.969697,restaurant
8897,0.888889,0.979798,pharmacy
8898,0.888889,0.989899,restaurant
8899,0.888889,1.0,pharmacy
8900,0.89899,0.0,school
8901,0.89899,0.010101,bank
8902,0.89899,0.020202,restaurant
8903,0.89899,0.030303,restaurant
8904,0.89899,0.040404,restaurant
8905,0.89899,0.050505,bank
8906,0.89899,0.060606,bank
8907,0.89899,0.070707,bank
8908,0.89899,0.080808,school
8909,0.89899,0.090909,bank
8910,0.89899,0.10101,pharmacy
8911,0.89899,0.111111,school
8912,0.89899,0.121212,bank
8913,0.89899,0.131313,school
8914,0.89899,0.141414,bank
8915,0.89899,0.151515,bank
8916,0.89899,0.161616,restaurant
8917,0.89899,0.171717,bank
8918,0.89899,0.181818,school
8919,0.89899,0.191919,bank
8920,0.89899,0.20202,pharmacy
8921,0.89899,0.212121,pharmacy
8922,0.89899,0.222222,hospital
8923,0.89899,0.232323,school
8924,0.89899,0.242424,hospital
8925,0.89899,0.252525,bank
8926,0.89899,0.262626,restaurant
8927,0.89899,0.272727,pharmacy
8928,0.89899,0.282828,bank
8929,0.89899,0.292929,pharmacy
8930,0.89899,0.30303,school
8931,0.89899,0.313131,pharmacy
8932,0.89899,0.323232,pharmacy
8933,0.89899,0.333333,hospital
8934,0.89899,0.343434,pharmacy
8935,0.89899,0.353535,bank
8936,0.89899,0.363636,bank
8937,0.89899,0.373737,hospital
8938,0.89899,0.383838,hospital
8939,0.89899,0.393939,hospital
8940,0.89899,0.40404,hospital
8941,0.89899,0.414141,restaurant
8942,0.89899,0.424242,restaurant
8943,0.89899,0.434343,school
8944,0.89899,0.444444,bank
8945,0.89899,0.454545,restaurant
8946,0.89899,0.464646,school
8947,0.89899,0.474747,hospital
8948,0.89899,0.484848,pharmacy
8949,0.89899,0.494949,school
8950,0.89899,0.505051,hospital
8951,0.89899,0.515152,restaurant
8952,0.89899,0.525253,pharmacy
8953,0.89899,0.535354,bank
8954,0.89899,0.545455,hospital
8955,0.89899,0.555556,restaurant
8956,0.89899,0.565657,school
8957,0.89899,0.575758,hospital
8958,0.89899,0.585859,school
8959,0.89899,0.59596,hospital
8960,0.89899,0.606061,restaurant
8961,0.89899,0.616162,bank
8962,0.89899,0.626263,restaurant
8963,0.89899,0.636364,school
8964,0.89899,0.646465,pharmacy
8965,0.89899,0.656566,hospital
8966,0.89899,0.666667,school
8967,0.89899,0.676768,pharmacy
8968,0.89899,0.686869,school
8969,0.89899,0.69697,bank
8970,0.89899,0.707071,bank
8971,0.89899,0.717172,bank
8972,0.89899,0.727273,bank
8973,0.89899,0.737374,restaurant
8974,0.89899,0.747475,pharmacy
8975,0.89899,0.757576,bank
8976,0.89899,0.767677,school
8977,0.89899,0.777778,bank
8978,0.89899,0.787879,bank
8979,0.89899,0.79798,pharmacy
8980,0.89899,0.808081,bank
8981,0.89899,0.818182,hospital
8982,0.89899,0.828283,bank
8983,0.89899,0.838384,hospital
8984,0.89899,0.848485,pharmacy
8985,0.89899,0.858586,pharmacy
8986,0.89899,0.868687,hospital
8987,0.89899,0.878788,pharmacy
8988,0.89899,0.888889,pharmacy
8989,0.89899,0.89899,school
8990,0.89899,0.909091,school
8991,0.89899,0.919192,hospital
8992,0.89899,0.929293,restaurant
8993,0.89899,0.939394,restaurant
8994,0.89899,0.949495,hospital
8995,0.89899,0.959596,restaurant
8996,0.89899,0.969697,school
8997,0.89899,0.979798,hospital
8998,0.89899,0.989899,school
8999,0.89899,1.0,restaurant
9000,0.909091,0.0,pharmacy
9001,0.909091,0.010101,school
9002,0.909091,0.020202,bank
9003,0.909091,0.030303,restaurant
9004,0.909091,0.040404,hospital
9005,0.909091,0.050505,pharmacy
9006,0.909091,0.060606,hospital
9007,0.909091,0.070707,school
9008,0.909091,0.080808,restaurant
9009,0.909091,0.090909,pharmacy
9010,0.909091,0.10101,pharmacy
9011,0.909091,0.111111,pharmacy
9012,0.909091,0.121212,pharmacy
9013,0.909091,0.131313,restaurant
9014,0.909091,0.141414,bank
9015,0.909091,0.151515,pharmacy
9016,0.909091,0.161616,hospital
9017,0.909091,0.171717,bank
9018,0.909091,0.181818,bank
9019,0.909091,0.191919,hospital
9020,0.909091,0.20202,hospital
9021,0.909091,0.212121,bank
9022,0.909091,0.222222,hospital
9023,0.909091,0.232323,school
9024,0.909091,0.242424,hospital
9025,0.909091,0.252525,bank
9026,0.909091,0.262626,pharmacy
9027,0.909091,0.272727,restaurant
9028,0.909091,0.282828,restaurant
9029,0.909091,0.292929,school
9030,0.909091,0.30303,hospital
9031,0.909091,0.313131,school
9032,0.909091,0.323232,bank
9033,0.909091,0.333333,restaurant
9034,0.909091,0.343434,hospital
9035,0.909091,0.353535,restaurant
9036,0.909091,0.363636,hospital
9037,0.909091,0.373737,school
9038,0.909091,0.383838,restaurant
9039,0.909091,0.393939,restaurant
9040,0.909091,0.40404,restaurant
9041,0.909091,0.414141,restaurant
9042,0.909091,0.424242,hospital
9043,0.909091,0.434343,bank
9044,0.909091,0.444444,pharmacy
9045,0.909091,0.454545,restaurant
9046,0.909091,0.464646,pharmacy
9047,0.909091,0.474747,school
9048,0.909091,0.484848,bank
9049,0.909091,0.494949,hospital
9050,0.909091,0.505051,bank
9051,0.909091,0.515152,school
9052,0.909091,0.525253,school
9053,0.909091,0.535354,hospital
9054,0.909091,0.545455,school
9055,0.909091,0.555556,hospital
9056,0.909091,0.565657,bank
9057,0.909091,0.575758,pharmacy
9058,0.909091,0.585859,school
9059,0.909091,0.59596,pharmacy
9060,0.909091,0.606061,bank
9061,0.909091,0.616162,bank
9062,0.909091,0.626263,restaurant
9063,0.909091,0.636364,hospital
9064,0.909091,0.646465,pharmacy
9065,0.909091,0.656566,pharmacy
9066,0.909091,0.666667,hospital
9067,0.909091,0.676768,pharmacy
9068,0.909091,0.686869,pharmacy
9069,0.909091,0.69697,school
9070,0.909091,0.707071,pharmacy
9071,0.909091,0.717172,bank
9072,0.909091,0.727273,bank
9073,0.909091,0.737374,hospital
9074,0.909091,0.747475,pharmacy
9075,0.909091,0.757576,restaurant
9076,0.909091,0.767677,bank
9077,0.909091,0.777778,bank
9078,0.909091,0.787879,hospital
9079,0.909091,0.79798,school
9080,0.909091,0.808081,restaurant
9081,0.909091,0.818182,bank
9082,0.909091,0.828283,hospital
9083,0.909091,0.838384,pharmacy
9084,0.909091,0.848485,school
9085,0.909091,0.858586,restaurant
9086,0.909091,0.868687,hospital
9087,0.909091,0.878788,restaurant
9088,0.909091,0.888889,school
9089,0.909091,0.89899,pharmacy
9090,0.909091,0.909091,bank
9091,0.909091,0.919192,school
9092,0.909091,0.929293,hospital
9093,0.909091,0.939394,restaurant
9094,0.909091,0.949495,school
9095,0.909091,0.959596,school
9096,0.909091,0.969697,bank
9097,0.909091,0.979798,school
9098,0.909091,0.989899,pharmacy
9099,0.909091,1.0,hospital
9100,0.919192,0.0,hospital
9101,0.919192,0.010101,hospital
9102,0.919192,0.020202,restaurant
9103,0.919192,0.030303,hospital
9104,0.919192,0.040404,hospital
9105,0.919192,0.050505,pharmacy
9106,0.919192,0.060606,hospital
9107,0.919192,0.070707,school
9108,0.919192,0.080808,pharmacy
9109,0.919192,0.090909,hospital
9110,0.919192,0.10101,hospital
9111,0.919192,0.111111,hospital
9112,0.919192,0.121212,hospital
9113,0.919192,0.131313,hospital
9114,0.919192,0.141414,school
9115,0.919192,0.151515,bank
9116,0.919192,0.161616,school
9117,0.919192,0.171717,restaurant
9118,0.919192,0.181818,restaurant
9119,0.919192,0.191919,bank
9120,0.919192,0.20202,hospital
9121,0.919192,0.212121,bank
9122,0.919192,0.222222,pharmacy
9123,0.919192,0.232323,pharmacy
9124,0.919192,0.242424,bank
9125,0.919192,0.252525,bank
9126,0.919192,0.262626,bank
9127,0.919192,0.272727,pharmacy
9128,0.919192,0.282828,pharmacy
9129,0.919192,0.292929,pharmacy
9130,0.919192,0.30303,bank
9131,0.919192,0.313131,bank
9132,0.919192,0.323232,restaurant
9133,0.919192,0.333333,hospital
9134,0.919192,0.343434,pharmacy
9135,0.919192,0.353535,school
9136,0.919192,0.363636,pharmacy
9137,0.919192,0.373737,restaurant
9138,0.919192,0.383838,restaurant
9139,0.919192,0.393939,school
9140,0.919192,0.40404,pharmacy
9141,0.919192,0.414141,school
9142,0.919192,0.424242,pharmacy
9143,0.919192,0.434343,pharmacy
9144,0.919192,0.444444,hospital
9145,0.919192,0.454545,pharmacy
9146,0.919192,0.464646,bank
9147,0.919192,0.474747,restaurant
9148,0.919192,0.484848,hospital
9149,0.919192,0.494949,hospital
9150,0.919192,0.505051,hospital
9151,0.919192,0.515152,pharmacy
9152,0.919192,0.525253,school
9153,0.919192,0.535354,school
9154,0.919192,0.545455,hospital
9155,0.919192,0.555556,school
9156,0.919192,0.565657,school
9157,0.919192,0.575758,hospital
9158,0.919192,0.585859,bank
9159,0.919192,0.59596,school
9160,0.919192,0.606061,school
9161,0.919192,0.616162,school
9162,0.919192,0.626263,restaurant
9163,0.919192,0.636364,restaurant
9164,0.919192,0.646465,school
9165,0.919192,0.656566,restaurant
9166,0.919192,0.666667,school
9167,0.919192,0.676768,bank
9168,0.919192,0.686869,school
9169,0.919192,0.69697,school
9170,0.919192,0.707071,restaurant
9171,0.919192,0.717172,pharmacy
9172,0.919192,0.727273,bank
9173,0.919192,0.737374,school
9174,0.919192,0.747475,hospital
9175,0.919192,0.757576,pharmacy
9176,0.919192,0.767677,restaurant
9177,0.919192,0.777778,restaurant
9178,0.919192,0.787879,bank
9179,0.919192,0.79798,school
9180,0.919192,0.808081,school
9181,0.919192,0.818182,bank
9182,0.919192,0.828283,bank
9183,0.919192,0.838384,hospital
9184,0.919192,0.848485,school
9185,0.919192,0.858586,school
9186,0.919192,0.868687,restaurant
9187,0.919192,0.878788,school
9188,0.919192,0.888889,pharmacy
9189,0.919192,0.89899,restaurant
9190,0.919192,0.909091,pharmacy
9191,0.919192,0.919192,restaurant
9192,0.919192,0.929293,school
9193,0.919192,0.939394,pharmacy
9194,0.919192,0.949495,hospital
9195,0.919192,0.959596,school
9196,0.919192,0.969697,bank
9197,0.919192,0.979798,pharmacy
9198,0.919192,0.989899,bank
9199,0.919192,1.0,restaurant
9200,0.929293,0.0,restaurant
9201,0.929293,0.010101,hospital
9202,0.929293,0.020202,restaurant
9203,0.929293,0.030303,restaurant
9204,0.929293,0.040404,restaurant
9205,0.929293,0.050505,school
9206,0.929293,0.060606,school
9207,0.929293,0.070707,pharmacy
9208,0.929293,0.080808,bank
9209,0.929293,0.090909,hospital
9210,0.929293,0.10101,hospital
9211,0.929293,0.111111,hospital
9212,0.929293,0.121212,restaurant
9213,0.929293,0.131313,hospital
9214,0.929293,0.141414,school
9215,0.929293,0.151515,restaurant
9216,0.929293,0.161616,school
9217,0.929293,0.171717,hospital
9218,0.929293,0.181818,pharmacy
9219,0.929293,0.191919,school
9220,0.929293,0.20202,pharmacy
9221,0.929293,0.212121,pharmacy
9222,0.929293,0.222222,pharmacy
9223,0.929293,0.232323,bank
9224,0.929293,0.242424,pharmacy
9225,0.929293,0.252525,pharmacy
9226,0.929293,0.262626,hospital
9227,0.929293,0.272727,restaurant
9228,0.929293,0.282828,bank
9229,0.929293,0.292929,hospital
9230,0.929293,0.30303,pharmacy
9231,0.929293,0.313131,pharmacy
9232,0.929293,0.323232,pharmacy
9233,0.929293,0.333333,bank
9234,0.929293,0.343434,restaurant
9235,0.929293,0.353535,restaurant
9236,0.929293,0.363636,school
9237,0.929293,0.373737,school
9238,0.929293,0.383838,restaurant
9239,0.929293,0.393939,school
9240,0.929293,0.40404,pharmacy
9241,0.929293,0.414141,restaurant
9242,0.929293,0.424242,hospital
9243,0.929293,0.434343,restaurant
9244,0.929293,0.444444,pharmacy
9245,0.929293,0.454545,hospital
9246,0.929293,0.464646,hospital
9247,0.929293,0.474747,school
9248,0.929293,0.484848,restaurant
9249,0.929293,0.494949,hospital
9250,0.929293,0.505051,school
9251,0.929293,0.515152,pharmacy
9252,0.929293,0.525253,bank
9253,0.929293,0.535354,hospital
9254,0.929293,0.545455,school
9255,0.929293,0.555556,bank
9256,0.929293,0.565657,school
9257,0.929293,0.575758,pharmacy
9258,0.929293,0.585859,restaurant
9259,0.929293,0.59596,bank
9260,0.929293,0.606061,bank
9261,0.929293,0.616162,bank
9262,0.929293,0.626263,restaurant
9263,0.929293,0.636364,school
9264,0.929293,0.646465,hospital
9265,0.929293,0.656566,school
9266,0.929293,0.666667,bank
9267,0.929293,0.676768,school
9268,0.929293,0.686869,restaurant
9269,0.929293,0.69697,restaurant
9270,0.929293,0.707071,hospital
9271,0.929293,0.717172,school
9272,0.929293,0.727273,hospital
9273,0.929293,0.737374,bank
9274,0.929293,0.747475,hospital
9275,0.929293,0.757576,hospital
9276,0.929293,0.767677,pharmacy
9277,0.929293,0.777778,school
9278,0.929293,0.787879,pharmacy
9279,0.929293,0.79798,hospital
9280,0.929293,0.808081,hospital
9281,0.929293,0.818182,school
9282,0.929293,0.828283,restaurant
9283,0.929293,0.838384,school
9284,0.929293,0.848485,bank
9285,0.929293,0.858586,bank
9286,0.929293,0.868687,school
9287,0.929293,0.878788,restaurant
9288,0.929293,0.888889,hospital
9289,0.929293,0.89899,pharmacy
9290,0.929293,0.909091,pharmacy
9291,0.929293,0.919192,restaurant
9292,0.929293,0.929293,bank
9293,0.929293,0.939394,restaurant
9294,0.929293,0.949495,pharmacy
9295,0.929293,0.959596,bank
9296,0.929293,0.969697,restaurant
9297,0.929293,0.979798,hospital
9298,0.929293,0.989899,hospital
9299,0.929293,1.0,hospital
9300,0.939394,0.0,pharmacy
9301,0.939394,0.010101,pharmacy
9302,0.939394,0.020202,pharmacy
9303,0.939394,0.030303,school
9304,0.939394,0.040404,hospital
9305,0.939394,0.050505,school
9306,0.939394,0.060606,bank
9307,0.939394,0.070707,hospital
9308,0.939394,0.080808,hospital
9309,0.939394,0.090909,pharmacy
9310,0.939394,0.10101,restaurant
9311,0.939394,0.111111,restaurant
9312,0.939394,0.121212,restaurant
9313,0.939394,0.131313,bank
9314,0.939394,0.141414,restaurant
9315,0.939394,0.151515,school
9316,0.939394,0.161616,bank
9317,0.939394,0.171717,hospital
9318,0.939394,0.181818,school
9319,0.939394,0.191919,restaurant
9320,0.939394,0.20202,school
9321,0.939394,0.212121,hospital
9322,0.939394,0.222222,restaurant
9323,0.939394,0.232323,bank
9324,0.939394,0.242424,hospital
9325,0.939394,0.252525,hospital
9326,0.939394,0.262626,pharmacy
9327,0.939394,0.272727,hospital
9328,0.939394,0.282828,school
9329,0.939394,0.292929,hospital
9330,0.939394,0.30303,bank
9331,0.939394,0.313131,restaurant
9332,0.939394,0.323232,school
9333,0.939394,0.333333,restaurant
9334,0.939394,0.343434,pharmacy
9335,0.939394,0.353535,school
9336,0.939394,0.363636,hospital
9337,0.939394,0.373737,hospital
9338,0.939394,0.383838,hospital
9339,0.939394,0.393939,restaurant
9340,0.939394,0.40404,school
9341,0.939394,0.414141,bank
9342,0.939394,0.424242,pharmacy
9343,0.939394,0.434343,school
9344,0.939394,0.444444,bank
9345,0.939394,0.454545,bank
9346,0.939394,0.464646,bank
9347,0.939394,0.474747,school
9348,0.939394,0.484848,hospital
9349,0.939394,0.494949,hospital
9350,0.939394,0.505051,bank
9351,0.939394,0.515152,hospital
9352,0.939394,0.525253,hospital
9353,0.939394,0.535354,bank
9354,0.939394,0.545455,restaurant
9355,0.939394,0.555556,bank
9356,0.939394,0.565657,bank
9357,0.939394,0.575758,school
9358,0.939394,0.585859,pharmacy
9359,0.939394,0.59596,restaurant
9360,0.939394,0.606061,bank
9361,0.939394,0.616162,bank
9362,0.939394,0.626263,pharmacy
9363,0.939394,0.636364,hospital
9364,0.939394,0.646465,pharmacy
9365,0.939394,0.656566,pharmacy
9366,0.939394,0.666667,bank
9367,0.939394,0.676768,school
9368,0.939394,0.686869,pharmacy
9369,0.939394,0.69697,school
9370,0.939394,0.707071,restaurant
9371,0.939394,0.717172,bank
9372,0.939394,0.727273,restaurant
9373,0.939394,0.737374,bank
9374,0.939394,0.747475,bank
9375,0.939394,0.757576,school
9376,0.939394,0.767677,bank
9377,0.939394,0.777778,restaurant
9378,0.939394,0.787879,bank
9379,0.939394,0.79798,hospital
9380,0.939394,0.808081,restaurant
9381,0.939394,0.818182,pharmacy
9382,0.939394,0.828283,pharmacy
9383,0.939394,0.838384,bank
9384,0.939394,0.848485,restaurant
9385,0.939394,0.858586,restaurant
9386,0.939394,0.868687,bank
9387,0.939394,0.878788,school
9388,0.939394,0.888889,hospital
9389,0.939394,0.89899,pharmacy
9390,0.939394,0.909091,school
9391,0.939394,0.919192,bank
9392,0.939394,0.929293,hospital
9393,0.939394,0.939394,hospital
9394,0.939394,0.949495,hospital
9395,0.939394,0.959596,bank
9396,0.939394,0.969697,pharmacy
9397,0.939394,0.979798,hospital
9398,0.939394,0.989899,pharmacy
9399,0.939394,1.0,bank
9400,0.949495,0.0,bank
9401,0.949495,0.010101,bank
9402,0.949495,0.020202,hospital
9403,0.949495,0.030303,restaurant
9404,0.949495,0.040404,pharmacy
9405,0.949495,0.050505,restaurant
9406,0.949495,0.060606,hospital
9407,0.949495,0.070707,bank
9408,0.949495,0.080808,bank
9409,0.949495,0.090909,restaurant
9410,0.949495,0.10101,hospital
9411,0.949495,0.111111,pharmacy
9412,0.949495,0.121212,pharmacy
9413,0.949495,0.131313,bank
9414,0.949495,0.141414,hospital
9415,0.949495,0.151515,pharmacy
9416,0.949495,0.161616,hospital
9417,0.949495,0.171717,pharmacy
9418,0.949495,0.181818,school
9419,0.949495,0.191919,pharmacy
9420,0.949495,0.20202,pharmacy
9421,0.949495,0.212121,bank
9422,0.949495,0.222222,bank
9423,0.949495,0.232323,bank
9424,0.949495,0.242424,hospital
9425,0.949495,0.252525,hospital
9426,0.949495,0.262626,bank
9427,0.949495,0.272727,bank
9428,0.949495,0.282828,bank
9429,0.949495,0.292929,restaurant
9430,0.949495,0.30303,restaurant
9431,0.949495,0.313131,school
9432,0.949495,0.323232,pharmacy
9433,0.949495,0.333333,school
9434,0.949495,0.343434,restaurant
9435,0.949495,0.353535,school
9436,0.949495,0.363636,bank
9437,0.949495,0.373737,pharmacy
9438,0.949495,0.383838,hospital
9439,0.949495,0.393939,bank
9440,0.949495,0.40404,pharmacy
9441,0.949495,0.414141,school
9442,0.949495,0.424242,bank
9443,0.949495,0.434343,restaurant
9444,0.949495,0.444444,school
9445,0.949495,0.454545,school
9446,0.949495,0.464646,pharmacy
9447,0.949495,0.474747,school
9448,0.949495,0.484848,pharmacy
9449,0.949495,0.494949,school
9450,0.949495,0.505051,hospital
9451,0.949495,0.515152,bank
9452,0.949495,0.525253,pharmacy
9453,0.949495,0.535354,restaurant
9454,0.949495,0.545455,pharmacy
9455,0.949495,0.555556,school
9456,0.949495,0.565657,bank
9457,0.949495,0.575758,hospital
9458,0.949495,0.585859,bank
9459,0.949495,0.59596,pharmacy
9460,0.949495,0.606061,restaurant
9461,0.949495,0.616162,restaurant
9462,0.949495,0.626263,pharmacy
9463,0.949495,0.636364,pharmacy
9464,0.949495,0.646465,school
9465,0.949495,0.656566,school
9466,0.949495,0.666667,bank
9467,0.949495,0.676768,restaurant
9468,0.949495,0.686869,bank
9469,0.949495,0.69697,restaurant
9470,0.949495,0.707071,hospital
9471,0.949495,0.717172,pharmacy
9472,0.949495,0.727273,bank
9473,0.949495,0.737374,pharmacy
9474,0.949495,0.747475,hospital
9475,0.949495,0.757576,school
9476,0.949495,0.767677,school
9477,0.949495,0.777778,hospital
9478,0.949495,0.787879,restaurant
9479,0.949495,0.79798,restaurant
9480,0.949495,0.808081,restaurant
9481,0.949495,0.818182,hospital
9482,0.949495,0.828283,restaurant
9483,0.949495,0.838384,restaurant
9484,0.949495,0.848485,hospital
9485,0.949495,0.858586,restaurant
9486,0.949495,0.868687,bank
9487,0.949495,0.878788,pharmacy
9488,0.949495,0.888889,pharmacy
9489,0.949495,0.89899,bank
9490,0.949495,0.909091,bank
9491,0.949495,0.919192,restaurant
9492,0.949495,0.929293,restaurant
9493,0.949495,0.939394,pharmacy
9494,0.949495,0.949495,school
9495,0.949495,0.959596,restaurant
9496,0.949495,0.969697,restaurant
9497,0.949495,0.979798,hospital
9498,0.949495,0.989899,school
9499,0.949495,1.0,restaurant
9500,0.959596,0.0,hospital
9501,0.959596,0.010101,bank
9502,0.959596,0.020202,school
9503,0.959596,0.030303,pharmacy
9504,0.959596,0.040404,bank
9505,0.959596,0.050505,bank
9506,0.959596,0.060606,hospital
9507,0.959596,0.070707,pharmacy
9508,0.959596,0.080808,restaurant
9509,0.959596,0.090909,bank
9510,0.959596,0.10101,restaurant
9511,0.959596,0.111111,pharmacy
9512,0.959596,0.121212,school
9513,0.959596,0.131313,school
9514,0.959596,0.141414,pharmacy
9515,0.959596,0.151515,school
9516,0.959596,0.161616,school
9517,0.959596,0.171717,bank
9518,0.959596,0.181818,pharmacy
9519,0.959596,0.191919,restaurant
9520,0.959596,0.20202,restaurant
9521,0.959596,0.212121,bank
9522,0.959596,0.222222,school
9523,0.959596,0.232323,bank
9524,0.959596,0.242424,school
9525,0.959596,0.252525,school
9526,0.959596,0.262626,bank
9527,0.959596,0.272727,restaurant
9528,0.959596,0.282828,restaurant
9529,0.959596,0.292929,hospital
9530,0.959596,0.30303,bank
9531,0.959596,0.313131,pharmacy
9532,0.959596,0.323232,bank
9533,0.959596,0.333333,pharmacy
9534,0.959596,0.343434,pharmacy
9535,0.959596,0.353535,school
9536,0.959596,0.363636,restaurant
9537,0.959596,0.373737,hospital
9538,0.959596,0.383838,hospital
9539,0.959596,0.393939,bank
9540,0.959596,0.40404,school
9541,0.959596,0.414141,bank
9542,0.959596,0.424242,restaurant
9543,0.959596,0.434343,school
9544,0.959596,0.444444,pharmacy
9545,0.959596,0.454545,bank
9546,0.959596,0.464646,pharmacy
9547,0.959596,0.474747,pharmacy
9548,0.959596,0.484848,bank
9549,0.959596,0.494949,bank
9550,0.959596,0.505051,school
9551,0.959596,0.515152,school
9552,0.959596,0.525253,pharmacy
9553,0.959596,0.535354,bank
9554,0.959596,0.545455,pharmacy
9555,0.959596,0.555556,hospital
9556,0.959596,0.565657,bank
9557,0.959596,0.575758,restaurant
9558,0.959596,0.585859,bank
9559,0.959596,0.59596,bank
9560,0.959596,0.606061,pharmacy
9561,0.959596,0.616162,hospital
9562,0.959596,0.626263,hospital
9563,0.959596,0.636364,bank
9564,0.959596,0.646465,restaurant
9565,0.959596,0.656566,school
9566,0.959596,0.666667,school
9567,0.959596,0.676768,restaurant
9568,0.959596,0.686869,hospital
9569,0.959596,0.69697,hospital
9570,0.959596,0.707071,pharmacy
9571,0.959596,0.717172,restaurant
9572,0.959596,0.727273,bank
9573,0.959596,0.737374,bank
9574,0.959596,0.747475,bank
9575,0.959596,0.757576,pharmacy
9576,0.959596,0.767677,pharmacy
9577,0.959596,0.777778,school
9578,0.959596,0.787879,bank
9579,0.959596,0.79798,pharmacy
9580,0.959596,0.808081,pharmacy
9581,0.959596,0.818182,restaurant
9582,0.959596,0.828283,hospital
9583,0.959596,0.838384,restaurant
9584,0.959596,0.848485,hospital
9585,0.959596,0.858586,school
9586,0.959596,0.868687,bank
9587,0.959596,0.878788,hospital
9588,0.959596,0.888889,hospital
9589,0.959596,0.89899,bank
9590,0.959596,0.909091,bank
9591,0.959596,0.919192,pharmacy
9592,0.959596,0.929293,pharmacy
9593,0.959596,0.939394,school
9594,0.959596,0.949495,restaurant
9595,0.959596,0.959596,school
9596,0.959596,0.969697,bank
9597,0.959596,0.979798,restaurant
9598,0.959596,0.989899,hospital
9599,0.959596,1.0,pharmacy
9600,0.969697,0.0,hospital
9601,0.969697,0.010101,school
9602,0.969697,0.020202,pharmacy
9603,0.969697,0.030303,restaurant
9604,0.969697,0.040404,restaurant
9605,0.969697,0.050505,restaurant
9606,0.969697,0.060606,hospital
9607,0.969697,0.070707,school
9608,0.969697,0.080808,pharmacy
9609,0.969697,0.090909,restaurant
9610,0.969697,0.10101,school
9611,0.969697,0.111111,restaurant
9612,0.969697,0.121212,pharmacy
9613,0.969697,0.131313,hospital
9614,0.969697,0.141414,hospital
9615,0.969697,0.151515,hospital
9616,0.969697,0.161616,restaurant
9617,0.969697,0.171717,school
9618,0.969697,0.181818,restaurant
9619,0.969697,0.191919,school
9620,0.969697,0.20202,bank
9621,0.969697,0.212121,restaurant
9622,0.969697,0.222222,school
9623,0.969697,0.232323,bank
9624,0.969697,0.242424,restaurant
9625,0.969697,0.252525,restaurant
9626,0.969697,0.262626,bank
9627,0.969697,0.272727,bank
9628,0.969697,0.282828,bank
9629,0.969697,0.292929,school
9630,0.969697,0.30303,hospital
9631,0.969697,0.313131,restaurant
9632,0.969697,0.323232,bank
9633,0.969697,0.333333,pharmacy
9634,0.969697,0.343434,school
9635,0.969697,0.353535,school
9636,0.969697,0.363636,hospital
9637,0.969697,0.373737,pharmacy
9638,0.969697,0.383838,pharmacy
9639,0.969697,0.393939,hospital
9640,0.969697,0.40404,bank
9641,0.969697,0.414141,school
9642,0.969697,0.424242,hospital
9643,0.969697,0.434343,restaurant
9644,0.969697,0.444444,restaurant
9645,0.969697,0.454545,bank
9646,0.969697,0.464646,pharmacy
9647,0.969697,0.474747,pharmacy
9648,0.969697,0.484848,school
9649,0.969697,0.494949,school
9650,0.969697,0.505051,hospital
9651,0.969697,0.515152,school
9652,0.969697,0.525253,pharmacy
9653,0.969697,0.535354,bank
9654,0.969697,0.545455,restaurant
9655,0.969697,0.555556,school
9656,0.969697,0.565657,bank
9657,0.969697,0.575758,restaurant
9658,0.969697,0.585859,pharmacy
9659,0.969697,0.59596,bank
9660,0.969697,0.606061,restaurant
9661,0.969697,0.616162,hospital
9662,0.969697,0.626263,school
9663,0.969697,0.636364,hospital
9664,0.969697,0.646465,restaurant
9665,0.969697,0.656566,school
9666,0.969697,0.666667,bank
9667,0.969697,0.676768,hospital
9668,0.969697,0.686869,pharmacy
9669,0.969697,0.69697,restaurant
9670,0.969697,0.707071,restaurant
9671,0.969697,0.717172,pharmacy
9672,0.969697,0.727273,hospital
9673,0.969697,0.737374,restaurant
9674,0.969697,0.747475,bank
9675,0.969697,0.757576,school
9676,0.969697,0.767677,restaurant
9677,0.969697,0.777778,restaurant
9678,0.969697,0.787879,pharmacy
9679,0.969697,0.79798,bank
9680,0.969697,0.808081,pharmacy
9681,0.969697,0.818182,restaurant
9682,0.969697,0.828283,school
9683,0.969697,0.838384,school
9684,0.969697,0.848485,pharmacy
9685,0.969697,0.858586,pharmacy
9686,0.969697,0.868687,school
9687,0.969697,0.878788,bank
9688,0.969697,0.888889,bank
9689,0.969697,0.89899,restaurant
9690,0.969697,0.909091,bank
9691,0.969697,0.919192,hospital
9692,0.969697,0.929293,pharmacy
9693,0.969697,0.939394,bank
9694,0.969697,0.949495,school
9695,0.969697,0.959596,restaurant
9696,0.969697,0.969697,hospital
9697,0.969697,0.979798,bank
9698,0.969697,0.989899,restaurant
9699,0.969697,1.0,bank
9700,0.979798,0.0,pharmacy
9701,0.979798,0.010101,restaurant
9702,0.979798,0.020202,restaurant
9703,0.979798,0.030303,pharmacy
9704,0.979798,0.040404,pharmacy
9705,0.979798,0.050505,hospital
9706,0.979798,0.060606,bank
9707,0.979798,0.070707,bank
9708,0.979798,0.080808,restaurant
9709,0.979798,0.090909,restaurant
9710,0.979798,0.10101,bank
9711,0.979798,0.111111,pharmacy
9712,0.979798,0.121212,pharmacy
9713,0.979798,0.131313,bank
9714,0.979798,0.141414,school
9715,0.979798,0.151515,hospital
9716,0.979798,0.161616,restaurant
9717,0.979798,0.171717,restaurant
9718,0.979798,0.181818,bank
9719,0.979798,0.191919,pharmacy
9720,0.979798,0.20202,hospital
9721,0.979798,0.212121,bank
9722,0.979798,0.222222,hospital
9723,0.979798,0.232323,school
9724,0.979798,0.242424,school
9725,0.979798,0.252525,restaurant
9726,0.979798,0.262626,pharmacy
9727,0.979798,0.272727,restaurant
9728,0.979798,0.282828,pharmacy
9729,0.979798,0.292929,restaurant
9730,0.979798,0.30303,pharmacy
9731,0.979798,0.313131,restaurant
9732,0.979798,0.323232,hospital
9733,0.979798,0.333333,bank
9734,0.979798,0.343434,pharmacy
9735,0.979798,0.353535,pharmacy
9736,0.979798,0.363636,bank
9737,0.979798,0.373737,school
9738,0.979798,0.383838,bank
9739,0.979798,0.393939,hospital
9740,0.979798,0.40404,restaurant
9741,0.979798,0.414141,pharmacy
9742,0.979798,0.424242,school
9743,0.979798,0.434343,bank
9744,0.979798,0.444444,hospital
9745,0.979798,0.454545,pharmacy
9746,0.979798,0.464646,hospital
9747,0.979798,0.474747,bank
9748,0.979798,0.484848,restaurant
9749,0.979798,0.494949,pharmacy
9750,0.979798,0.505051,pharmacy
9751,0.979798,0.515152,pharmacy
9752,0.979798,0.525253,hospital
9753,0.979798,0.535354,hospital
9754,0.979798,0.545455,restaurant
9755,0.979798,0.555556,hospital
9756,0.979798,0.565657,restaurant
9757,0.979798,0.575758,hospital
9758,0.979798,0.585859,pharmacy
9759,0.979798,0.59596,school
9760,0.979798,0.606061,pharmacy
9761,0.979798,0.616162,hospital
9762,0.979798,0.626263,restaurant
9763,0.979798,0.636364,bank
9764,0.979798,0.646465,restaurant
9765,0.979798,0.656566,school
9766,0.979798,0.666667,hospital
9767,0.979798,0.676768,restaurant
9768,0.979798,0.686869,school
9769,0.979798,0.69697,pharmacy
9770,0.979798,0.707071,bank
9771,0.979798,0.717172,bank
9772,0.979798,0.727273,bank
9773,0.979798,0.737374,school
9774,0.979798,0.747475,restaurant
9775,0.979798,0.757576,bank
9776,0.979798,0.767677,pharmacy
9777,0.979798,0.777778,hospital
9778,0.979798,0.787879,restaurant
9779,0.979798,0.79798,school
9780,0.979798,0.808081,restaurant
9781,0.979798,0.818182,bank
9782,0.979798,0.828283,pharmacy
9783,0.979798,0.838384,hospital
9784,0.979798,0.848485,school
9785,0.979798,0.858586,pharmacy
9786,0.979798,0.868687,school
9787,0.979798,0.878788,pharmacy
9788,0.979798,0.888889,restaurant
9789,0.979798,0.89899,pharmacy
9790,0.979798,0.909091,school
9791,0.979798,0.919192,hospital
9792,0.979798,0.929293,hospital
9793,0.979798,0.939394,hospital
9794,0.979798,0.949495,pharmacy
9795,0.979798,0.959596,pharmacy
9796,0.979798,0.969697,bank
9797,0.979798,0.979798,school
9798,0.979798,0.989899,school
9799,0.979798,1.0,bank
9800,0.989899,0.0,bank
9801,0.989899,0.010101,school
9802,0.989899,0.020202,hospital
9803,0.989899,0.030303,bank
9804,0.989899,0.040404,pharmacy
9805,0.989899,0.050505,hospital
9806,0.989899,0.060606,restaurant
9807,0.989899,0.070707,pharmacy
9808,0.989899,0.080808,school
9809,0.989899,0.090909,bank
9810,0.989899,0.10101,school
9811,0.989899,0.111111,school
9812,0.989899,0.121212,school
9813,0.989899,0.131313,restaurant
9814,0.989899,0.141414,school
9815,0.989899,0.151515,pharmacy
9816,0.989899,0.161616,restaurant
9817,0.989899,0.171717,bank
9818,0.989899,0.181818,pharmacy
9819,0.989899,0.191919,hospital
9820,0.989899,0.20202,hospital
9821,0.989899,0.212121,pharmacy
9822,0.989899,0.222222,restaurant
9823,0.989899,0.232323,hospital
9824,0.989899,0.242424,restaurant
9825,0.989899,0.252525,bank
9826,0.989899,0.262626,restaurant
9827,0.989899,0.272727,restaurant
9828,0.989899,0.282828,hospital
9829,0.989899,0.292929,restaurant
9830,0.989899,0.30303,school
9831,0.989899,0.313131,hospital
9832,0.989899,0.323232,restaurant
9833,0.989899,0.333333,pharmacy
9834,0.989899,0.343434,pharmacy
9835,0.989899,0.353535,bank
9836,0.989899,0.363636,restaurant
9837,0.989899,0.373737,school
9838,0.989899,0.383838,school
9839,0.989899,0.393939,restaurant
9840,0.989899,0.40404,restaurant
9841,0.989899,0.414141,hospital
9842,0.989899,0.424242,school
9843,0.989899,0.434343,pharmacy
9844,0.989899,0.444444,pharmacy
9845,0.989899,0.454545,restaurant
9846,0.989899,0.464646,pharmacy
9847,0.989899,0.474747,school
9848,0.989899,0.484848,school
9849,0.989899,0.494949,bank
9850,0.989899,0.505051,restaurant
9851,0.989899,0.515152,bank
9852,0.989899,0.525253,school
9853,0.989899,0.535354,hospital
9854,0.989899,0.545455,restaurant
9855,0.989899,0.555556,hospital
9856,0.989899,0.565657,pharmacy
9857,0.989899,0.575758,hospital
9858,0.989899,0.585859,restaurant
9859,0.989899,0.59596,hospital
9860,0.989899,0.606061,hospital
9861,0.989899,0.616162,hospital
9862,0.989899,0.626263,hospital
9863,0.989899,0.636364,school
9864,0.989899,0.646465,hospital
9865,0.989899,0.656566,pharmacy
9866,0.989899,0.666667,restaurant
9867,0.989899,0.676768,bank
9868,0.989899,0.686869,bank
9869,0.989899,0.69697,school
9870,0.989899,0.707071,school
9871,0.989899,0.717172,pharmacy
9872,0.989899,0.727273,pharmacy
9873,0.989899,0.737374,school
9874,0.989899,0.747475,bank
9875,0.989899,0.757576,restaurant
9876,0.989899,0.767677,school
9877,0.989899,0.777778,restaurant
9878,0.989899,0.787879,bank
9879,0.989899,0.79798,bank
9880,0.989899,0.808081,bank
9881,0.989899,0.818182,school
9882,0.989899,0.828283,bank
9883,0.989899,0.838384,restaurant
9884,0.989899,0.848485,restaurant
9885,0.989899,0.858586,restaurant
9886,0.989899,0.868687,pharmacy
9887,0.989899,0.878788,restaurant
9888,0.989899,0.888889,bank
9889,0.989899,0.89899,hospital
9890,0.989899,0.909091,hospital
9891,0.989899,0.919192,bank
9892,0.989899,0.929293,pharmacy
9893,0.989899,0.939394,hospital
9894,0.989899,0.949495,restaurant
9895,0.989899,0.959596,school
9896,0.989899,0.969697,hospital
9897,0.989899,0.979798,school
9898,0.989899,0.989899,bank
9899,0.989899,1.0,hospital
9900,1.0,0.0,hospital
9901,1.0,0.010101,restaurant
9902,1.0,0.020202,restaurant
9903,1.0,0.030303,pharmacy
9904,1.0,0.040404,restaurant
9905,1.0,0.050505,pharmacy
9906,1.0,0.060606,restaurant
9907,1.0,0.070707,school
9908,1.0,0.080808,hospital
9909,1.0,0.090909,school
9910,1.0,0.10101,pharmacy
9911,1.0,0.111111,hospital
9912,1.0,0.121212,pharmacy
9913,1.0,0.131313,school
9914,1.0,0.141414,restaurant
9915,1.0,0.151515,hospital
9916,1.0,0.161616,bank
9917,1.0,0.171717,restaurant
9918,1.0,0.181818,school
9919,1.0,0.191919,pharmacy
9920,1.0,0.20202,pharmacy
9921,1.0,0.212121,restaurant
9922,1.0,0.222222,pharmacy
9923,1.0,0.232323,restaurant
9924,1.0,0.242424,bank
9925,1.0,0.252525,bank
9926,1.0,0.262626,hospital
9927,1.0,0.272727,hospital
9928,1.0,0.282828,pharmacy
9929,1.0,0.292929,restaurant
9930,1.0,0.30303,bank
9931,1.0,0.313131,bank
9932,1.0,0.323232,hospital
9933,1.0,0.333333,school
9934,1.0,0.343434,pharmacy
9935,1.0,0.353535,hospital
9936,1.0,0.363636,school
9937,1.0,0.373737,hospital
9938,1.0,0.383838,pharmacy
9939,1.0,0.393939,restaurant
9940,1.0,0.40404,hospital
9941,1.0,0.414141,bank
9942,1.0,0.424242,hospital
9943,1.0,0.434343,hospital
9944,1.0,0.444444,hospital
9945,1.0,0.454545,bank
9946,1.0,0.464646,pharmacy
9947,1.0,0.474747,bank
9948,1.0,0.484848,pharmacy
9949,1.0,0.494949,school
9950,1.0,0.505051,restaurant
9951,1.0,0.515152,bank
9952,1.0,0.525253,pharmacy
9953,1.0,0.535354,school
9954,1.0,0.545455,restaurant
9955,1.0,0.555556,school
9956,1.0,0.565657,pharmacy
9957,1.0,0.575758,bank
9958,1.0,0.585859,school
9959,1.0,0.59596,pharmacy
9960,1.0,0.606061,pharmacy
9961,1.0,0.616162,bank
9962,1.0,0.626263,school
9963,1.0,0.636364,pharmacy
9964,1.0,0.646465,restaurant
9965,1.0,0.656566,bank
9966,1.0,0.666667,restaurant
9967,1.0,0.676768,hospital
9968,1.0,0.686869,school
9969,1.0,0.69697,pharmacy
9970,1.0,0.707071,bank
9971,1.0,0.717172,pharmacy
9972,1.0,0.727273,hospital
9973,1.0,0.737374,pharmacy
9974,1.0,0.747475,bank
9975,1.0,0.757576,hospital
9976,1.0,0.767677,hospital
9977,1.0,0.777778,pharmacy
9978,1.0,0.787879,pharmacy
9979,1.0,0.79798,bank
9980,1.0,0.808081,school
9981,1.0,0.818182,bank
9982,1.0,0.828283,hospital
9983,1.0,0.838384,hospital
9984,1.0,0.848485,pharmacy
9985,1.0,0.858586,bank
9986,1.0,0.868687,pharmacy
9987,1.0,0.878788,school
9988,1.0,0.888889,pharmacy
9989,1.0,0.89899,hospital
9990,1.0,0.909091,bank
9991,1.0,0.919192,school
9992,1.0,0.929293,school
9993,1.0,0.939394,bank
9994,1.0,0.949495,hospital
9995,1.0,0.959596,school
9996,1.0,0.969697,bank
9997,1.0,0.979798,hospital
9998,1.0,0.989899,bank
9999,1.0,1.0,school
